-- SENATRAN mock seed — RENACH (generated).
insert into renach.clinica (codigo_clinica, cnpj, nome, uf, credenciada, ativa, payload) values
  ('RS-CLINIC-0001', '06014136000137', 'CLINICA RS-CLINIC-0001', 'PI', true, true, '{"codigoClinica":"RS-CLINIC-0001","cnpj":"06014136000137","nome":"CLINICA RS-CLINIC-0001","uf":"PI","credenciada":true,"ativa":true}'::jsonb),
  ('RS-CLINIC-0002', '60328680000107', 'CLINICA RS-CLINIC-0002', 'PB', true, true, '{"codigoClinica":"RS-CLINIC-0002","cnpj":"60328680000107","nome":"CLINICA RS-CLINIC-0002","uf":"PB","credenciada":true,"ativa":true}'::jsonb),
  ('RS-CLINIC-0003', '44280037000196', 'CLINICA RS-CLINIC-0003', 'AP', true, true, '{"codigoClinica":"RS-CLINIC-0003","cnpj":"44280037000196","nome":"CLINICA RS-CLINIC-0003","uf":"AP","credenciada":true,"ativa":true}'::jsonb),
  ('RS-CLINIC-0004', '70353372000187', 'CLINICA RS-CLINIC-0004', 'PB', false, true, '{"codigoClinica":"RS-CLINIC-0004","cnpj":"70353372000187","nome":"CLINICA RS-CLINIC-0004","uf":"PB","credenciada":false,"ativa":true}'::jsonb),
  ('RS-CLINIC-0005', '83508696000199', 'CLINICA RS-CLINIC-0005', 'PA', true, true, '{"codigoClinica":"RS-CLINIC-0005","cnpj":"83508696000199","nome":"CLINICA RS-CLINIC-0005","uf":"PA","credenciada":true,"ativa":true}'::jsonb),
  ('RS-CLINIC-0006', '09405560000109', 'CLINICA RS-CLINIC-0006', 'SE', true, true, '{"codigoClinica":"RS-CLINIC-0006","cnpj":"09405560000109","nome":"CLINICA RS-CLINIC-0006","uf":"SE","credenciada":true,"ativa":true}'::jsonb),
  ('RS-CLINIC-0007', '33253774000183', 'CLINICA RS-CLINIC-0007', 'PB', true, true, '{"codigoClinica":"RS-CLINIC-0007","cnpj":"33253774000183","nome":"CLINICA RS-CLINIC-0007","uf":"PB","credenciada":true,"ativa":true}'::jsonb),
  ('RS-CLINIC-0008', '30210769000103', 'CLINICA RS-CLINIC-0008', 'MS', true, false, '{"codigoClinica":"RS-CLINIC-0008","cnpj":"30210769000103","nome":"CLINICA RS-CLINIC-0008","uf":"MS","credenciada":true,"ativa":false}'::jsonb),
  ('RS-CLINIC-0009', '34777980000155', 'CLINICA RS-CLINIC-0009', 'PE', true, true, '{"codigoClinica":"RS-CLINIC-0009","cnpj":"34777980000155","nome":"CLINICA RS-CLINIC-0009","uf":"PE","credenciada":true,"ativa":true}'::jsonb),
  ('RS-CLINIC-0010', '01612161000107', 'CLINICA RS-CLINIC-0010', 'TO', true, true, '{"codigoClinica":"RS-CLINIC-0010","cnpj":"01612161000107","nome":"CLINICA RS-CLINIC-0010","uf":"TO","credenciada":true,"ativa":true}'::jsonb),
  ('RS-CLINIC-0011', '88571746000104', 'CLINICA RS-CLINIC-0011', 'MG', true, false, '{"codigoClinica":"RS-CLINIC-0011","cnpj":"88571746000104","nome":"CLINICA RS-CLINIC-0011","uf":"MG","credenciada":true,"ativa":false}'::jsonb),
  ('RS-CLINIC-0012', '10911416000115', 'CLINICA RS-CLINIC-0012', 'PE', true, true, '{"codigoClinica":"RS-CLINIC-0012","cnpj":"10911416000115","nome":"CLINICA RS-CLINIC-0012","uf":"PE","credenciada":true,"ativa":true}'::jsonb),
  ('RS-CLINIC-0013', '38783927000118', 'CLINICA RS-CLINIC-0013', 'DF', true, true, '{"codigoClinica":"RS-CLINIC-0013","cnpj":"38783927000118","nome":"CLINICA RS-CLINIC-0013","uf":"DF","credenciada":true,"ativa":true}'::jsonb),
  ('RS-CLINIC-0014', '68397385000106', 'CLINICA RS-CLINIC-0014', 'PR', true, true, '{"codigoClinica":"RS-CLINIC-0014","cnpj":"68397385000106","nome":"CLINICA RS-CLINIC-0014","uf":"PR","credenciada":true,"ativa":true}'::jsonb),
  ('RS-CLINIC-0015', '48553976000118', 'CLINICA RS-CLINIC-0015', 'RR', true, true, '{"codigoClinica":"RS-CLINIC-0015","cnpj":"48553976000118","nome":"CLINICA RS-CLINIC-0015","uf":"RR","credenciada":true,"ativa":true}'::jsonb),
  ('RS-CLINIC-0016', '16506220000121', 'CLINICA RS-CLINIC-0016', 'RJ', false, true, '{"codigoClinica":"RS-CLINIC-0016","cnpj":"16506220000121","nome":"CLINICA RS-CLINIC-0016","uf":"RJ","credenciada":false,"ativa":true}'::jsonb),
  ('RS-CLINIC-0017', '52006846000132', 'CLINICA RS-CLINIC-0017', 'CE', false, true, '{"codigoClinica":"RS-CLINIC-0017","cnpj":"52006846000132","nome":"CLINICA RS-CLINIC-0017","uf":"CE","credenciada":false,"ativa":true}'::jsonb),
  ('RS-CLINIC-0018', '84429082000184', 'CLINICA RS-CLINIC-0018', 'AM', true, true, '{"codigoClinica":"RS-CLINIC-0018","cnpj":"84429082000184","nome":"CLINICA RS-CLINIC-0018","uf":"AM","credenciada":true,"ativa":true}'::jsonb),
  ('RS-CLINIC-0019', '77846420000118', 'CLINICA RS-CLINIC-0019', 'RR', true, true, '{"codigoClinica":"RS-CLINIC-0019","cnpj":"77846420000118","nome":"CLINICA RS-CLINIC-0019","uf":"RR","credenciada":true,"ativa":true}'::jsonb),
  ('RS-CLINIC-0020', '57955147000152', 'CLINICA RS-CLINIC-0020', 'MG', true, true, '{"codigoClinica":"RS-CLINIC-0020","cnpj":"57955147000152","nome":"CLINICA RS-CLINIC-0020","uf":"MG","credenciada":true,"ativa":true}'::jsonb);

insert into renach.profissional (cpf, conselho, numero_conselho, uf, codigo_clinica, credenciado, ativo, payload) values
  ('69042113774', 'CRM', '46566', 'AP', 'RS-CLINIC-0003', false, true, '{"cpf":"69042113774","conselho":"CRM","uf":"AP","codigoClinica":"RS-CLINIC-0003","credenciado":false,"ativo":true}'::jsonb),
  ('43226998048', 'CRP', '09471', 'PA', 'RS-CLINIC-0005', true, true, '{"cpf":"43226998048","conselho":"CRP","uf":"PA","codigoClinica":"RS-CLINIC-0005","credenciado":true,"ativo":true}'::jsonb),
  ('36316618603', 'CRM', '24136', 'TO', 'RS-CLINIC-0010', true, true, '{"cpf":"36316618603","conselho":"CRM","uf":"TO","codigoClinica":"RS-CLINIC-0010","credenciado":true,"ativo":true}'::jsonb),
  ('89555950695', 'CRM', '33125', 'PB', 'RS-CLINIC-0004', true, true, '{"cpf":"89555950695","conselho":"CRM","uf":"PB","codigoClinica":"RS-CLINIC-0004","credenciado":true,"ativo":true}'::jsonb),
  ('73216058255', 'CRM', '60905', 'CE', 'RS-CLINIC-0017', true, true, '{"cpf":"73216058255","conselho":"CRM","uf":"CE","codigoClinica":"RS-CLINIC-0017","credenciado":true,"ativo":true}'::jsonb),
  ('93103260008', 'CRP', '63852', 'RR', 'RS-CLINIC-0015', true, true, '{"cpf":"93103260008","conselho":"CRP","uf":"RR","codigoClinica":"RS-CLINIC-0015","credenciado":true,"ativo":true}'::jsonb),
  ('80329835033', 'CRM', '16968', 'CE', 'RS-CLINIC-0017', true, true, '{"cpf":"80329835033","conselho":"CRM","uf":"CE","codigoClinica":"RS-CLINIC-0017","credenciado":true,"ativo":true}'::jsonb),
  ('84861803500', 'CRM', '51298', 'PB', 'RS-CLINIC-0002', true, true, '{"cpf":"84861803500","conselho":"CRM","uf":"PB","codigoClinica":"RS-CLINIC-0002","credenciado":true,"ativo":true}'::jsonb),
  ('91894200985', 'CRM', '20418', 'PI', 'RS-CLINIC-0001', true, true, '{"cpf":"91894200985","conselho":"CRM","uf":"PI","codigoClinica":"RS-CLINIC-0001","credenciado":true,"ativo":true}'::jsonb),
  ('09253914769', 'CRM', '19323', 'RR', 'RS-CLINIC-0019', true, true, '{"cpf":"09253914769","conselho":"CRM","uf":"RR","codigoClinica":"RS-CLINIC-0019","credenciado":true,"ativo":true}'::jsonb),
  ('25164444518', 'CRM', '61001', 'PA', 'RS-CLINIC-0005', true, true, '{"cpf":"25164444518","conselho":"CRM","uf":"PA","codigoClinica":"RS-CLINIC-0005","credenciado":true,"ativo":true}'::jsonb),
  ('57974333030', 'CRM', '00688', 'PA', 'RS-CLINIC-0005', false, true, '{"cpf":"57974333030","conselho":"CRM","uf":"PA","codigoClinica":"RS-CLINIC-0005","credenciado":false,"ativo":true}'::jsonb),
  ('43842961774', 'CRM', '73473', 'RR', 'RS-CLINIC-0019', true, true, '{"cpf":"43842961774","conselho":"CRM","uf":"RR","codigoClinica":"RS-CLINIC-0019","credenciado":true,"ativo":true}'::jsonb),
  ('10252193920', 'CRM', '23471', 'PB', 'RS-CLINIC-0007', true, true, '{"cpf":"10252193920","conselho":"CRM","uf":"PB","codigoClinica":"RS-CLINIC-0007","credenciado":true,"ativo":true}'::jsonb),
  ('59132212062', 'CRM', '59481', 'AP', 'RS-CLINIC-0003', true, true, '{"cpf":"59132212062","conselho":"CRM","uf":"AP","codigoClinica":"RS-CLINIC-0003","credenciado":true,"ativo":true}'::jsonb),
  ('66085591438', 'CRP', '38337', 'PR', 'RS-CLINIC-0014', true, true, '{"cpf":"66085591438","conselho":"CRP","uf":"PR","codigoClinica":"RS-CLINIC-0014","credenciado":true,"ativo":true}'::jsonb),
  ('24425433548', 'CRP', '42532', 'DF', 'RS-CLINIC-0013', true, true, '{"cpf":"24425433548","conselho":"CRP","uf":"DF","codigoClinica":"RS-CLINIC-0013","credenciado":true,"ativo":true}'::jsonb),
  ('52851292730', 'CRM', '12025', 'AP', 'RS-CLINIC-0003', true, true, '{"cpf":"52851292730","conselho":"CRM","uf":"AP","codigoClinica":"RS-CLINIC-0003","credenciado":true,"ativo":true}'::jsonb),
  ('77345750132', 'CRP', '57926', 'MG', 'RS-CLINIC-0011', true, true, '{"cpf":"77345750132","conselho":"CRP","uf":"MG","codigoClinica":"RS-CLINIC-0011","credenciado":true,"ativo":true}'::jsonb),
  ('78581055150', 'CRM', '86360', 'MS', 'RS-CLINIC-0008', true, true, '{"cpf":"78581055150","conselho":"CRM","uf":"MS","codigoClinica":"RS-CLINIC-0008","credenciado":true,"ativo":true}'::jsonb),
  ('59590305431', 'CRM', '17779', 'TO', 'RS-CLINIC-0010', true, true, '{"cpf":"59590305431","conselho":"CRM","uf":"TO","codigoClinica":"RS-CLINIC-0010","credenciado":true,"ativo":true}'::jsonb),
  ('84406568239', 'CRP', '48106', 'MG', 'RS-CLINIC-0020', true, true, '{"cpf":"84406568239","conselho":"CRP","uf":"MG","codigoClinica":"RS-CLINIC-0020","credenciado":true,"ativo":true}'::jsonb),
  ('26092533464', 'CRM', '17520', 'PA', 'RS-CLINIC-0005', true, true, '{"cpf":"26092533464","conselho":"CRM","uf":"PA","codigoClinica":"RS-CLINIC-0005","credenciado":true,"ativo":true}'::jsonb),
  ('00924143622', 'CRM', '23352', 'PE', 'RS-CLINIC-0009', false, false, '{"cpf":"00924143622","conselho":"CRM","uf":"PE","codigoClinica":"RS-CLINIC-0009","credenciado":false,"ativo":false}'::jsonb),
  ('68586924601', 'CRM', '44092', 'MS', 'RS-CLINIC-0008', true, true, '{"cpf":"68586924601","conselho":"CRM","uf":"MS","codigoClinica":"RS-CLINIC-0008","credenciado":true,"ativo":true}'::jsonb),
  ('16890582500', 'CRM', '92526', 'RR', 'RS-CLINIC-0015', true, true, '{"cpf":"16890582500","conselho":"CRM","uf":"RR","codigoClinica":"RS-CLINIC-0015","credenciado":true,"ativo":true}'::jsonb),
  ('36834182900', 'CRM', '78816', 'PE', 'RS-CLINIC-0009', true, true, '{"cpf":"36834182900","conselho":"CRM","uf":"PE","codigoClinica":"RS-CLINIC-0009","credenciado":true,"ativo":true}'::jsonb),
  ('61867736470', 'CRM', '16228', 'PE', 'RS-CLINIC-0009', true, true, '{"cpf":"61867736470","conselho":"CRM","uf":"PE","codigoClinica":"RS-CLINIC-0009","credenciado":true,"ativo":true}'::jsonb),
  ('06620252028', 'CRM', '44876', 'PE', 'RS-CLINIC-0009', false, true, '{"cpf":"06620252028","conselho":"CRM","uf":"PE","codigoClinica":"RS-CLINIC-0009","credenciado":false,"ativo":true}'::jsonb),
  ('00021744050', 'CRM', '19065', 'PA', 'RS-CLINIC-0005', true, false, '{"cpf":"00021744050","conselho":"CRM","uf":"PA","codigoClinica":"RS-CLINIC-0005","credenciado":true,"ativo":false}'::jsonb),
  ('42443721566', 'CRM', '26028', 'PB', 'RS-CLINIC-0004', true, true, '{"cpf":"42443721566","conselho":"CRM","uf":"PB","codigoClinica":"RS-CLINIC-0004","credenciado":true,"ativo":true}'::jsonb),
  ('42172359173', 'CRP', '68820', 'PB', 'RS-CLINIC-0002', true, true, '{"cpf":"42172359173","conselho":"CRP","uf":"PB","codigoClinica":"RS-CLINIC-0002","credenciado":true,"ativo":true}'::jsonb),
  ('18678074167', 'CRP', '59311', 'AP', 'RS-CLINIC-0003', true, true, '{"cpf":"18678074167","conselho":"CRP","uf":"AP","codigoClinica":"RS-CLINIC-0003","credenciado":true,"ativo":true}'::jsonb),
  ('93969444322', 'CRP', '42823', 'MG', 'RS-CLINIC-0020', true, true, '{"cpf":"93969444322","conselho":"CRP","uf":"MG","codigoClinica":"RS-CLINIC-0020","credenciado":true,"ativo":true}'::jsonb),
  ('17948958096', 'CRM', '30536', 'DF', 'RS-CLINIC-0013', true, true, '{"cpf":"17948958096","conselho":"CRM","uf":"DF","codigoClinica":"RS-CLINIC-0013","credenciado":true,"ativo":true}'::jsonb),
  ('07675586697', 'CRP', '76915', 'PA', 'RS-CLINIC-0005', true, true, '{"cpf":"07675586697","conselho":"CRP","uf":"PA","codigoClinica":"RS-CLINIC-0005","credenciado":true,"ativo":true}'::jsonb),
  ('08916155711', 'CRM', '30206', 'AP', 'RS-CLINIC-0003', true, true, '{"cpf":"08916155711","conselho":"CRM","uf":"AP","codigoClinica":"RS-CLINIC-0003","credenciado":true,"ativo":true}'::jsonb),
  ('41503841855', 'CRM', '27129', 'PE', 'RS-CLINIC-0012', true, true, '{"cpf":"41503841855","conselho":"CRM","uf":"PE","codigoClinica":"RS-CLINIC-0012","credenciado":true,"ativo":true}'::jsonb),
  ('87166780525', 'CRM', '32824', 'PE', 'RS-CLINIC-0009', true, true, '{"cpf":"87166780525","conselho":"CRM","uf":"PE","codigoClinica":"RS-CLINIC-0009","credenciado":true,"ativo":true}'::jsonb),
  ('96552480890', 'CRM', '48284', 'TO', 'RS-CLINIC-0010', false, true, '{"cpf":"96552480890","conselho":"CRM","uf":"TO","codigoClinica":"RS-CLINIC-0010","credenciado":false,"ativo":true}'::jsonb);

insert into renach.processo (numero_renach, cpf, tipo_processo, situacao, categoria_atual, categoria_pretendida, payload) values
  ('RS123456789', '52998224725', 'MUDANCA_CATEGORIA', 'AGUARDANDO_MEDICO', 'B', 'B', '{"numeroRenach":"RS123456789","cpf":"52998224725","tipoProcesso":"MUDANCA_CATEGORIA","situacao":"AGUARDANDO_MEDICO","categoriaAtual":"B","categoriaPretendida":"B"}'::jsonb),
  ('RN458719182', '27630580193', 'RENOVACAO', 'EXAME_REGISTRADO', 'B', 'B', '{"numeroRenach":"RN458719182","cpf":"27630580193","tipoProcesso":"RENOVACAO","situacao":"EXAME_REGISTRADO","categoriaAtual":"B","categoriaPretendida":"B"}'::jsonb),
  ('RN472592138', '11398462489', 'ADICAO_CATEGORIA', 'APROVADO', 'B', 'B', '{"numeroRenach":"RN472592138","cpf":"11398462489","tipoProcesso":"ADICAO_CATEGORIA","situacao":"APROVADO","categoriaAtual":"B","categoriaPretendida":"B"}'::jsonb),
  ('RN873205552', '50980684951', 'PRIMEIRA_HABILITACAO', 'EXAME_REGISTRADO', 'B', 'B', '{"numeroRenach":"RN873205552","cpf":"50980684951","tipoProcesso":"PRIMEIRA_HABILITACAO","situacao":"EXAME_REGISTRADO","categoriaAtual":"B","categoriaPretendida":"B"}'::jsonb),
  ('RN599912257', '03052628313', 'PRIMEIRA_HABILITACAO', 'AGENDADO', 'B', 'B', '{"numeroRenach":"RN599912257","cpf":"03052628313","tipoProcesso":"PRIMEIRA_HABILITACAO","situacao":"AGENDADO","categoriaAtual":"B","categoriaPretendida":"B"}'::jsonb),
  ('RN930184332', '93692351836', 'MUDANCA_CATEGORIA', 'ABERTO', 'B', 'B', '{"numeroRenach":"RN930184332","cpf":"93692351836","tipoProcesso":"MUDANCA_CATEGORIA","situacao":"ABERTO","categoriaAtual":"B","categoriaPretendida":"B"}'::jsonb),
  ('RN775222742', '65859661045', 'PRIMEIRA_HABILITACAO', 'EXAME_REGISTRADO', 'B', 'B', '{"numeroRenach":"RN775222742","cpf":"65859661045","tipoProcesso":"PRIMEIRA_HABILITACAO","situacao":"EXAME_REGISTRADO","categoriaAtual":"B","categoriaPretendida":"B"}'::jsonb),
  ('RN063909601', '43799091076', 'MUDANCA_CATEGORIA', 'AGENDADO', 'B', 'B', '{"numeroRenach":"RN063909601","cpf":"43799091076","tipoProcesso":"MUDANCA_CATEGORIA","situacao":"AGENDADO","categoriaAtual":"B","categoriaPretendida":"B"}'::jsonb),
  ('RN913863068', '68331068009', 'RENOVACAO', 'APROVADO', 'B', 'B', '{"numeroRenach":"RN913863068","cpf":"68331068009","tipoProcesso":"RENOVACAO","situacao":"APROVADO","categoriaAtual":"B","categoriaPretendida":"B"}'::jsonb),
  ('RN498742092', '64337282785', 'ADICAO_CATEGORIA', 'AGENDADO', 'B', 'B', '{"numeroRenach":"RN498742092","cpf":"64337282785","tipoProcesso":"ADICAO_CATEGORIA","situacao":"AGENDADO","categoriaAtual":"B","categoriaPretendida":"B"}'::jsonb),
  ('RN874473747', '66352688209', 'ADICAO_CATEGORIA', 'EXAME_REGISTRADO', 'B', 'B', '{"numeroRenach":"RN874473747","cpf":"66352688209","tipoProcesso":"ADICAO_CATEGORIA","situacao":"EXAME_REGISTRADO","categoriaAtual":"B","categoriaPretendida":"B"}'::jsonb),
  ('RN188257060', '50980684951', 'PRIMEIRA_HABILITACAO', 'AGUARDANDO_MEDICO', 'B', 'B', '{"numeroRenach":"RN188257060","cpf":"50980684951","tipoProcesso":"PRIMEIRA_HABILITACAO","situacao":"AGUARDANDO_MEDICO","categoriaAtual":"B","categoriaPretendida":"B"}'::jsonb),
  ('RN635830503', '93692351836', 'PRIMEIRA_HABILITACAO', 'ABERTO', 'B', 'B', '{"numeroRenach":"RN635830503","cpf":"93692351836","tipoProcesso":"PRIMEIRA_HABILITACAO","situacao":"ABERTO","categoriaAtual":"B","categoriaPretendida":"B"}'::jsonb),
  ('RN553964436', '43799091076', 'ADICAO_CATEGORIA', 'EXAME_REGISTRADO', 'B', 'B', '{"numeroRenach":"RN553964436","cpf":"43799091076","tipoProcesso":"ADICAO_CATEGORIA","situacao":"EXAME_REGISTRADO","categoriaAtual":"B","categoriaPretendida":"B"}'::jsonb),
  ('RN518209270', '84299487591', 'RENOVACAO', 'APROVADO', 'B', 'B', '{"numeroRenach":"RN518209270","cpf":"84299487591","tipoProcesso":"RENOVACAO","situacao":"APROVADO","categoriaAtual":"B","categoriaPretendida":"B"}'::jsonb),
  ('RN577754632', '87579509202', 'ADICAO_CATEGORIA', 'APROVADO', 'B', 'B', '{"numeroRenach":"RN577754632","cpf":"87579509202","tipoProcesso":"ADICAO_CATEGORIA","situacao":"APROVADO","categoriaAtual":"B","categoriaPretendida":"B"}'::jsonb),
  ('RN943853617', '87578507044', 'PRIMEIRA_HABILITACAO', 'ABERTO', 'B', 'B', '{"numeroRenach":"RN943853617","cpf":"87578507044","tipoProcesso":"PRIMEIRA_HABILITACAO","situacao":"ABERTO","categoriaAtual":"B","categoriaPretendida":"B"}'::jsonb),
  ('RN726561378', '78092884749', 'RENOVACAO', 'AGENDADO', 'B', 'B', '{"numeroRenach":"RN726561378","cpf":"78092884749","tipoProcesso":"RENOVACAO","situacao":"AGENDADO","categoriaAtual":"B","categoriaPretendida":"B"}'::jsonb),
  ('RN913582960', '60163715483', 'ADICAO_CATEGORIA', 'AGENDADO', 'B', 'B', '{"numeroRenach":"RN913582960","cpf":"60163715483","tipoProcesso":"ADICAO_CATEGORIA","situacao":"AGENDADO","categoriaAtual":"B","categoriaPretendida":"B"}'::jsonb),
  ('RN297964818', '96837678426', 'RENOVACAO', 'EXAME_REGISTRADO', 'B', 'B', '{"numeroRenach":"RN297964818","cpf":"96837678426","tipoProcesso":"RENOVACAO","situacao":"EXAME_REGISTRADO","categoriaAtual":"B","categoriaPretendida":"B"}'::jsonb),
  ('RN620529152', '69057548119', 'RENOVACAO', 'REJEITADO', 'B', 'B', '{"numeroRenach":"RN620529152","cpf":"69057548119","tipoProcesso":"RENOVACAO","situacao":"REJEITADO","categoriaAtual":"B","categoriaPretendida":"B"}'::jsonb),
  ('RN475386542', '91179013590', 'MUDANCA_CATEGORIA', 'EXAME_REGISTRADO', 'B', 'B', '{"numeroRenach":"RN475386542","cpf":"91179013590","tipoProcesso":"MUDANCA_CATEGORIA","situacao":"EXAME_REGISTRADO","categoriaAtual":"B","categoriaPretendida":"B"}'::jsonb),
  ('RN156295937', '60163715483', 'RENOVACAO', 'EXAME_REGISTRADO', 'B', 'B', '{"numeroRenach":"RN156295937","cpf":"60163715483","tipoProcesso":"RENOVACAO","situacao":"EXAME_REGISTRADO","categoriaAtual":"B","categoriaPretendida":"B"}'::jsonb),
  ('RN496503046', '92910127001', 'PRIMEIRA_HABILITACAO', 'REJEITADO', 'B', 'B', '{"numeroRenach":"RN496503046","cpf":"92910127001","tipoProcesso":"PRIMEIRA_HABILITACAO","situacao":"REJEITADO","categoriaAtual":"B","categoriaPretendida":"B"}'::jsonb),
  ('RN744290674', '58156489578', 'PRIMEIRA_HABILITACAO', 'APROVADO', 'B', 'B', '{"numeroRenach":"RN744290674","cpf":"58156489578","tipoProcesso":"PRIMEIRA_HABILITACAO","situacao":"APROVADO","categoriaAtual":"B","categoriaPretendida":"B"}'::jsonb),
  ('RN407992775', '27630580193', 'RENOVACAO', 'ABERTO', 'B', 'B', '{"numeroRenach":"RN407992775","cpf":"27630580193","tipoProcesso":"RENOVACAO","situacao":"ABERTO","categoriaAtual":"B","categoriaPretendida":"B"}'::jsonb),
  ('RN281870010', '11398462489', 'RENOVACAO', 'AGENDADO', 'B', 'B', '{"numeroRenach":"RN281870010","cpf":"11398462489","tipoProcesso":"RENOVACAO","situacao":"AGENDADO","categoriaAtual":"B","categoriaPretendida":"B"}'::jsonb),
  ('RN989308488', '18097272270', 'MUDANCA_CATEGORIA', 'AGENDADO', 'B', 'B', '{"numeroRenach":"RN989308488","cpf":"18097272270","tipoProcesso":"MUDANCA_CATEGORIA","situacao":"AGENDADO","categoriaAtual":"B","categoriaPretendida":"B"}'::jsonb),
  ('RN403100095', '12130314945', 'MUDANCA_CATEGORIA', 'APROVADO', 'B', 'B', '{"numeroRenach":"RN403100095","cpf":"12130314945","tipoProcesso":"MUDANCA_CATEGORIA","situacao":"APROVADO","categoriaAtual":"B","categoriaPretendida":"B"}'::jsonb),
  ('RN713676978', '17651638034', 'PRIMEIRA_HABILITACAO', 'APROVADO', 'B', 'B', '{"numeroRenach":"RN713676978","cpf":"17651638034","tipoProcesso":"PRIMEIRA_HABILITACAO","situacao":"APROVADO","categoriaAtual":"B","categoriaPretendida":"B"}'::jsonb),
  ('RN281414978', '50980684951', 'RENOVACAO', 'REJEITADO', 'B', 'B', '{"numeroRenach":"RN281414978","cpf":"50980684951","tipoProcesso":"RENOVACAO","situacao":"REJEITADO","categoriaAtual":"B","categoriaPretendida":"B"}'::jsonb),
  ('RN717513063', '78102319607', 'MUDANCA_CATEGORIA', 'AGUARDANDO_MEDICO', 'B', 'B', '{"numeroRenach":"RN717513063","cpf":"78102319607","tipoProcesso":"MUDANCA_CATEGORIA","situacao":"AGUARDANDO_MEDICO","categoriaAtual":"B","categoriaPretendida":"B"}'::jsonb),
  ('RN399471706', '86981450275', 'RENOVACAO', 'EXAME_REGISTRADO', 'B', 'B', '{"numeroRenach":"RN399471706","cpf":"86981450275","tipoProcesso":"RENOVACAO","situacao":"EXAME_REGISTRADO","categoriaAtual":"B","categoriaPretendida":"B"}'::jsonb),
  ('RN981657189', '11492242586', 'MUDANCA_CATEGORIA', 'APROVADO', 'B', 'B', '{"numeroRenach":"RN981657189","cpf":"11492242586","tipoProcesso":"MUDANCA_CATEGORIA","situacao":"APROVADO","categoriaAtual":"B","categoriaPretendida":"B"}'::jsonb),
  ('RN118088712', '54316978462', 'PRIMEIRA_HABILITACAO', 'REJEITADO', 'B', 'B', '{"numeroRenach":"RN118088712","cpf":"54316978462","tipoProcesso":"PRIMEIRA_HABILITACAO","situacao":"REJEITADO","categoriaAtual":"B","categoriaPretendida":"B"}'::jsonb),
  ('RN990171208', '86497320032', 'PRIMEIRA_HABILITACAO', 'AGUARDANDO_MEDICO', 'B', 'B', '{"numeroRenach":"RN990171208","cpf":"86497320032","tipoProcesso":"PRIMEIRA_HABILITACAO","situacao":"AGUARDANDO_MEDICO","categoriaAtual":"B","categoriaPretendida":"B"}'::jsonb),
  ('RN987633159', '30526896493', 'ADICAO_CATEGORIA', 'APROVADO', 'B', 'B', '{"numeroRenach":"RN987633159","cpf":"30526896493","tipoProcesso":"ADICAO_CATEGORIA","situacao":"APROVADO","categoriaAtual":"B","categoriaPretendida":"B"}'::jsonb),
  ('RN092052654', '91179013590', 'MUDANCA_CATEGORIA', 'EXAME_REGISTRADO', 'B', 'B', '{"numeroRenach":"RN092052654","cpf":"91179013590","tipoProcesso":"MUDANCA_CATEGORIA","situacao":"EXAME_REGISTRADO","categoriaAtual":"B","categoriaPretendida":"B"}'::jsonb),
  ('RN084163630', '01709251700', 'ADICAO_CATEGORIA', 'APROVADO', 'B', 'B', '{"numeroRenach":"RN084163630","cpf":"01709251700","tipoProcesso":"ADICAO_CATEGORIA","situacao":"APROVADO","categoriaAtual":"B","categoriaPretendida":"B"}'::jsonb),
  ('RN857790408', '92377364608', 'PRIMEIRA_HABILITACAO', 'REJEITADO', 'B', 'B', '{"numeroRenach":"RN857790408","cpf":"92377364608","tipoProcesso":"PRIMEIRA_HABILITACAO","situacao":"REJEITADO","categoriaAtual":"B","categoriaPretendida":"B"}'::jsonb),
  ('RN235447686', '86497320032', 'PRIMEIRA_HABILITACAO', 'ABERTO', 'B', 'B', '{"numeroRenach":"RN235447686","cpf":"86497320032","tipoProcesso":"PRIMEIRA_HABILITACAO","situacao":"ABERTO","categoriaAtual":"B","categoriaPretendida":"B"}'::jsonb);

