-- SENATRAN mock seed — RENACH (generated).
insert into renach.clinica (codigo_clinica, cnpj, nome, uf, credenciada, ativa, payload) values
  ('RS-CLINIC-0001', '84288955000186', 'CLINICA RS-CLINIC-0001', 'RO', true, true, '{"codigoClinica":"RS-CLINIC-0001","cnpj":"84288955000186","nome":"CLINICA RS-CLINIC-0001","uf":"RO","credenciada":true,"ativa":true}'::jsonb),
  ('RS-CLINIC-0002', '54732349000147', 'CLINICA RS-CLINIC-0002', 'SC', true, true, '{"codigoClinica":"RS-CLINIC-0002","cnpj":"54732349000147","nome":"CLINICA RS-CLINIC-0002","uf":"SC","credenciada":true,"ativa":true}'::jsonb),
  ('RS-CLINIC-0003', '64632881000146', 'CLINICA RS-CLINIC-0003', 'ES', true, true, '{"codigoClinica":"RS-CLINIC-0003","cnpj":"64632881000146","nome":"CLINICA RS-CLINIC-0003","uf":"ES","credenciada":true,"ativa":true}'::jsonb),
  ('RS-CLINIC-0004', '82356760000109', 'CLINICA RS-CLINIC-0004', 'DF', true, true, '{"codigoClinica":"RS-CLINIC-0004","cnpj":"82356760000109","nome":"CLINICA RS-CLINIC-0004","uf":"DF","credenciada":true,"ativa":true}'::jsonb),
  ('RS-CLINIC-0005', '90332098000177', 'CLINICA RS-CLINIC-0005', 'GO', true, true, '{"codigoClinica":"RS-CLINIC-0005","cnpj":"90332098000177","nome":"CLINICA RS-CLINIC-0005","uf":"GO","credenciada":true,"ativa":true}'::jsonb),
  ('RS-CLINIC-0006', '89191171000159', 'CLINICA RS-CLINIC-0006', 'DF', false, true, '{"codigoClinica":"RS-CLINIC-0006","cnpj":"89191171000159","nome":"CLINICA RS-CLINIC-0006","uf":"DF","credenciada":false,"ativa":true}'::jsonb),
  ('RS-CLINIC-0007', '46183822000156', 'CLINICA RS-CLINIC-0007', 'MA', true, true, '{"codigoClinica":"RS-CLINIC-0007","cnpj":"46183822000156","nome":"CLINICA RS-CLINIC-0007","uf":"MA","credenciada":true,"ativa":true}'::jsonb),
  ('RS-CLINIC-0008', '73463664000160', 'CLINICA RS-CLINIC-0008', 'RN', true, true, '{"codigoClinica":"RS-CLINIC-0008","cnpj":"73463664000160","nome":"CLINICA RS-CLINIC-0008","uf":"RN","credenciada":true,"ativa":true}'::jsonb),
  ('RS-CLINIC-0009', '77618652000119', 'CLINICA RS-CLINIC-0009', 'PE', false, true, '{"codigoClinica":"RS-CLINIC-0009","cnpj":"77618652000119","nome":"CLINICA RS-CLINIC-0009","uf":"PE","credenciada":false,"ativa":true}'::jsonb),
  ('RS-CLINIC-0010', '57940548000139', 'CLINICA RS-CLINIC-0010', 'AP', true, true, '{"codigoClinica":"RS-CLINIC-0010","cnpj":"57940548000139","nome":"CLINICA RS-CLINIC-0010","uf":"AP","credenciada":true,"ativa":true}'::jsonb),
  ('RS-CLINIC-0011', '84905294000190', 'CLINICA RS-CLINIC-0011', 'ES', true, true, '{"codigoClinica":"RS-CLINIC-0011","cnpj":"84905294000190","nome":"CLINICA RS-CLINIC-0011","uf":"ES","credenciada":true,"ativa":true}'::jsonb),
  ('RS-CLINIC-0012', '45121277000100', 'CLINICA RS-CLINIC-0012', 'PI', true, true, '{"codigoClinica":"RS-CLINIC-0012","cnpj":"45121277000100","nome":"CLINICA RS-CLINIC-0012","uf":"PI","credenciada":true,"ativa":true}'::jsonb),
  ('RS-CLINIC-0013', '82508811000162', 'CLINICA RS-CLINIC-0013', 'PB', false, true, '{"codigoClinica":"RS-CLINIC-0013","cnpj":"82508811000162","nome":"CLINICA RS-CLINIC-0013","uf":"PB","credenciada":false,"ativa":true}'::jsonb),
  ('RS-CLINIC-0014', '75096549000120', 'CLINICA RS-CLINIC-0014', 'PB', false, false, '{"codigoClinica":"RS-CLINIC-0014","cnpj":"75096549000120","nome":"CLINICA RS-CLINIC-0014","uf":"PB","credenciada":false,"ativa":false}'::jsonb),
  ('RS-CLINIC-0015', '11975696000198', 'CLINICA RS-CLINIC-0015', 'RS', true, true, '{"codigoClinica":"RS-CLINIC-0015","cnpj":"11975696000198","nome":"CLINICA RS-CLINIC-0015","uf":"RS","credenciada":true,"ativa":true}'::jsonb),
  ('RS-CLINIC-0016', '12191610000107', 'CLINICA RS-CLINIC-0016', 'MT', true, true, '{"codigoClinica":"RS-CLINIC-0016","cnpj":"12191610000107","nome":"CLINICA RS-CLINIC-0016","uf":"MT","credenciada":true,"ativa":true}'::jsonb),
  ('RS-CLINIC-0017', '26722902000125', 'CLINICA RS-CLINIC-0017', 'RN', true, true, '{"codigoClinica":"RS-CLINIC-0017","cnpj":"26722902000125","nome":"CLINICA RS-CLINIC-0017","uf":"RN","credenciada":true,"ativa":true}'::jsonb),
  ('RS-CLINIC-0018', '50059030000141', 'CLINICA RS-CLINIC-0018', 'TO', true, true, '{"codigoClinica":"RS-CLINIC-0018","cnpj":"50059030000141","nome":"CLINICA RS-CLINIC-0018","uf":"TO","credenciada":true,"ativa":true}'::jsonb),
  ('RS-CLINIC-0019', '89941139000143', 'CLINICA RS-CLINIC-0019', 'SE', true, true, '{"codigoClinica":"RS-CLINIC-0019","cnpj":"89941139000143","nome":"CLINICA RS-CLINIC-0019","uf":"SE","credenciada":true,"ativa":true}'::jsonb),
  ('RS-CLINIC-0020', '13714782000172', 'CLINICA RS-CLINIC-0020', 'GO', true, true, '{"codigoClinica":"RS-CLINIC-0020","cnpj":"13714782000172","nome":"CLINICA RS-CLINIC-0020","uf":"GO","credenciada":true,"ativa":true}'::jsonb);

insert into renach.profissional (cpf, conselho, numero_conselho, uf, codigo_clinica, credenciado, ativo, payload) values
  ('91169709770', 'CRM', '17392', 'RO', 'RS-CLINIC-0001', true, true, '{"cpf":"91169709770","conselho":"CRM","uf":"RO","codigoClinica":"RS-CLINIC-0001","credenciado":true,"ativo":true}'::jsonb),
  ('85253236082', 'CRP', '13496', 'RO', 'RS-CLINIC-0001', true, false, '{"cpf":"85253236082","conselho":"CRP","uf":"RO","codigoClinica":"RS-CLINIC-0001","credenciado":true,"ativo":false}'::jsonb),
  ('43653336074', 'CRM', '55687', 'DF', 'RS-CLINIC-0004', true, true, '{"cpf":"43653336074","conselho":"CRM","uf":"DF","codigoClinica":"RS-CLINIC-0004","credenciado":true,"ativo":true}'::jsonb),
  ('83979075052', 'CRM', '03674', 'RS', 'RS-CLINIC-0015', true, true, '{"cpf":"83979075052","conselho":"CRM","uf":"RS","codigoClinica":"RS-CLINIC-0015","credenciado":true,"ativo":true}'::jsonb),
  ('67787705469', 'CRM', '64476', 'RN', 'RS-CLINIC-0017', true, true, '{"cpf":"67787705469","conselho":"CRM","uf":"RN","codigoClinica":"RS-CLINIC-0017","credenciado":true,"ativo":true}'::jsonb),
  ('99666520273', 'CRM', '39236', 'DF', 'RS-CLINIC-0006', true, true, '{"cpf":"99666520273","conselho":"CRM","uf":"DF","codigoClinica":"RS-CLINIC-0006","credenciado":true,"ativo":true}'::jsonb),
  ('52017332470', 'CRM', '59562', 'DF', 'RS-CLINIC-0004', true, true, '{"cpf":"52017332470","conselho":"CRM","uf":"DF","codigoClinica":"RS-CLINIC-0004","credenciado":true,"ativo":true}'::jsonb),
  ('46018133792', 'CRM', '25682', 'RN', 'RS-CLINIC-0017', true, true, '{"cpf":"46018133792","conselho":"CRM","uf":"RN","codigoClinica":"RS-CLINIC-0017","credenciado":true,"ativo":true}'::jsonb),
  ('14914521610', 'CRM', '34338', 'TO', 'RS-CLINIC-0018', true, true, '{"cpf":"14914521610","conselho":"CRM","uf":"TO","codigoClinica":"RS-CLINIC-0018","credenciado":true,"ativo":true}'::jsonb),
  ('38796110171', 'CRP', '84954', 'TO', 'RS-CLINIC-0018', true, true, '{"cpf":"38796110171","conselho":"CRP","uf":"TO","codigoClinica":"RS-CLINIC-0018","credenciado":true,"ativo":true}'::jsonb),
  ('94296739638', 'CRM', '36355', 'PB', 'RS-CLINIC-0014', true, true, '{"cpf":"94296739638","conselho":"CRM","uf":"PB","codigoClinica":"RS-CLINIC-0014","credenciado":true,"ativo":true}'::jsonb),
  ('57070958617', 'CRM', '68884', 'DF', 'RS-CLINIC-0006', true, true, '{"cpf":"57070958617","conselho":"CRM","uf":"DF","codigoClinica":"RS-CLINIC-0006","credenciado":true,"ativo":true}'::jsonb),
  ('06941633760', 'CRP', '97560', 'RN', 'RS-CLINIC-0008', true, true, '{"cpf":"06941633760","conselho":"CRP","uf":"RN","codigoClinica":"RS-CLINIC-0008","credenciado":true,"ativo":true}'::jsonb),
  ('65735956108', 'CRM', '54142', 'SC', 'RS-CLINIC-0002', true, false, '{"cpf":"65735956108","conselho":"CRM","uf":"SC","codigoClinica":"RS-CLINIC-0002","credenciado":true,"ativo":false}'::jsonb),
  ('70968841309', 'CRP', '37024', 'MA', 'RS-CLINIC-0007', true, true, '{"cpf":"70968841309","conselho":"CRP","uf":"MA","codigoClinica":"RS-CLINIC-0007","credenciado":true,"ativo":true}'::jsonb),
  ('36355029109', 'CRP', '69317', 'ES', 'RS-CLINIC-0011', true, true, '{"cpf":"36355029109","conselho":"CRP","uf":"ES","codigoClinica":"RS-CLINIC-0011","credenciado":true,"ativo":true}'::jsonb),
  ('39532674349', 'CRM', '57543', 'DF', 'RS-CLINIC-0004', true, true, '{"cpf":"39532674349","conselho":"CRM","uf":"DF","codigoClinica":"RS-CLINIC-0004","credenciado":true,"ativo":true}'::jsonb),
  ('00548038295', 'CRP', '08117', 'PB', 'RS-CLINIC-0014', false, true, '{"cpf":"00548038295","conselho":"CRP","uf":"PB","codigoClinica":"RS-CLINIC-0014","credenciado":false,"ativo":true}'::jsonb),
  ('52587247004', 'CRM', '25900', 'ES', 'RS-CLINIC-0011', false, true, '{"cpf":"52587247004","conselho":"CRM","uf":"ES","codigoClinica":"RS-CLINIC-0011","credenciado":false,"ativo":true}'::jsonb),
  ('39528688411', 'CRM', '29006', 'MA', 'RS-CLINIC-0007', true, true, '{"cpf":"39528688411","conselho":"CRM","uf":"MA","codigoClinica":"RS-CLINIC-0007","credenciado":true,"ativo":true}'::jsonb),
  ('74524041222', 'CRM', '36029', 'GO', 'RS-CLINIC-0005', true, false, '{"cpf":"74524041222","conselho":"CRM","uf":"GO","codigoClinica":"RS-CLINIC-0005","credenciado":true,"ativo":false}'::jsonb),
  ('41304870863', 'CRM', '08546', 'RS', 'RS-CLINIC-0015', false, true, '{"cpf":"41304870863","conselho":"CRM","uf":"RS","codigoClinica":"RS-CLINIC-0015","credenciado":false,"ativo":true}'::jsonb),
  ('19137316427', 'CRM', '73754', 'MT', 'RS-CLINIC-0016', true, true, '{"cpf":"19137316427","conselho":"CRM","uf":"MT","codigoClinica":"RS-CLINIC-0016","credenciado":true,"ativo":true}'::jsonb),
  ('02419139267', 'CRM', '98850', 'DF', 'RS-CLINIC-0004', true, true, '{"cpf":"02419139267","conselho":"CRM","uf":"DF","codigoClinica":"RS-CLINIC-0004","credenciado":true,"ativo":true}'::jsonb),
  ('00056664060', 'CRM', '30809', 'PE', 'RS-CLINIC-0009', true, true, '{"cpf":"00056664060","conselho":"CRM","uf":"PE","codigoClinica":"RS-CLINIC-0009","credenciado":true,"ativo":true}'::jsonb),
  ('49738865808', 'CRM', '12927', 'MA', 'RS-CLINIC-0007', true, true, '{"cpf":"49738865808","conselho":"CRM","uf":"MA","codigoClinica":"RS-CLINIC-0007","credenciado":true,"ativo":true}'::jsonb),
  ('26327886760', 'CRM', '31328', 'GO', 'RS-CLINIC-0020', true, true, '{"cpf":"26327886760","conselho":"CRM","uf":"GO","codigoClinica":"RS-CLINIC-0020","credenciado":true,"ativo":true}'::jsonb),
  ('73567327429', 'CRM', '76409', 'RN', 'RS-CLINIC-0008', true, true, '{"cpf":"73567327429","conselho":"CRM","uf":"RN","codigoClinica":"RS-CLINIC-0008","credenciado":true,"ativo":true}'::jsonb),
  ('36187831675', 'CRP', '35333', 'SC', 'RS-CLINIC-0002', true, true, '{"cpf":"36187831675","conselho":"CRP","uf":"SC","codigoClinica":"RS-CLINIC-0002","credenciado":true,"ativo":true}'::jsonb),
  ('23283370150', 'CRM', '47806', 'GO', 'RS-CLINIC-0005', true, true, '{"cpf":"23283370150","conselho":"CRM","uf":"GO","codigoClinica":"RS-CLINIC-0005","credenciado":true,"ativo":true}'::jsonb),
  ('86486332816', 'CRM', '34236', 'PI', 'RS-CLINIC-0012', true, false, '{"cpf":"86486332816","conselho":"CRM","uf":"PI","codigoClinica":"RS-CLINIC-0012","credenciado":true,"ativo":false}'::jsonb),
  ('64236319306', 'CRP', '67506', 'PE', 'RS-CLINIC-0009', true, true, '{"cpf":"64236319306","conselho":"CRP","uf":"PE","codigoClinica":"RS-CLINIC-0009","credenciado":true,"ativo":true}'::jsonb),
  ('39330515924', 'CRP', '59472', 'DF', 'RS-CLINIC-0006', true, false, '{"cpf":"39330515924","conselho":"CRP","uf":"DF","codigoClinica":"RS-CLINIC-0006","credenciado":true,"ativo":false}'::jsonb),
  ('53345922614', 'CRP', '16163', 'RN', 'RS-CLINIC-0008', true, true, '{"cpf":"53345922614","conselho":"CRP","uf":"RN","codigoClinica":"RS-CLINIC-0008","credenciado":true,"ativo":true}'::jsonb),
  ('46181507264', 'CRM', '58551', 'PB', 'RS-CLINIC-0014', true, false, '{"cpf":"46181507264","conselho":"CRM","uf":"PB","codigoClinica":"RS-CLINIC-0014","credenciado":true,"ativo":false}'::jsonb),
  ('75814213418', 'CRM', '05566', 'RS', 'RS-CLINIC-0015', true, true, '{"cpf":"75814213418","conselho":"CRM","uf":"RS","codigoClinica":"RS-CLINIC-0015","credenciado":true,"ativo":true}'::jsonb),
  ('76773706599', 'CRP', '31726', 'ES', 'RS-CLINIC-0003', true, true, '{"cpf":"76773706599","conselho":"CRP","uf":"ES","codigoClinica":"RS-CLINIC-0003","credenciado":true,"ativo":true}'::jsonb),
  ('39688167908', 'CRP', '35788', 'RS', 'RS-CLINIC-0015', true, true, '{"cpf":"39688167908","conselho":"CRP","uf":"RS","codigoClinica":"RS-CLINIC-0015","credenciado":true,"ativo":true}'::jsonb),
  ('00414124863', 'CRM', '18505', 'SC', 'RS-CLINIC-0002', true, true, '{"cpf":"00414124863","conselho":"CRM","uf":"SC","codigoClinica":"RS-CLINIC-0002","credenciado":true,"ativo":true}'::jsonb),
  ('79417872966', 'CRP', '20767', 'GO', 'RS-CLINIC-0005', true, true, '{"cpf":"79417872966","conselho":"CRP","uf":"GO","codigoClinica":"RS-CLINIC-0005","credenciado":true,"ativo":true}'::jsonb);

insert into renach.processo (numero_renach, cpf, tipo_processo, situacao, categoria_atual, categoria_pretendida, payload) values
  ('RS123456789', '52998224725', 'PRIMEIRA_HABILITACAO', 'AGUARDANDO_MEDICO', 'B', 'B', '{"numeroRenach":"RS123456789","cpf":"52998224725","tipoProcesso":"PRIMEIRA_HABILITACAO","situacao":"AGUARDANDO_MEDICO","categoriaAtual":"B","categoriaPretendida":"B"}'::jsonb),
  ('RN244568550', '60296904937', 'ADICAO_CATEGORIA', 'AGENDADO', 'B', 'B', '{"numeroRenach":"RN244568550","cpf":"60296904937","tipoProcesso":"ADICAO_CATEGORIA","situacao":"AGENDADO","categoriaAtual":"B","categoriaPretendida":"B"}'::jsonb),
  ('RN087266309', '42233237170', 'RENOVACAO', 'REJEITADO', 'B', 'B', '{"numeroRenach":"RN087266309","cpf":"42233237170","tipoProcesso":"RENOVACAO","situacao":"REJEITADO","categoriaAtual":"B","categoriaPretendida":"B"}'::jsonb),
  ('RN931350508', '22184400750', 'PRIMEIRA_HABILITACAO', 'APROVADO', 'B', 'B', '{"numeroRenach":"RN931350508","cpf":"22184400750","tipoProcesso":"PRIMEIRA_HABILITACAO","situacao":"APROVADO","categoriaAtual":"B","categoriaPretendida":"B"}'::jsonb),
  ('RN405640170', '74759438360', 'MUDANCA_CATEGORIA', 'EXAME_REGISTRADO', 'B', 'B', '{"numeroRenach":"RN405640170","cpf":"74759438360","tipoProcesso":"MUDANCA_CATEGORIA","situacao":"EXAME_REGISTRADO","categoriaAtual":"B","categoriaPretendida":"B"}'::jsonb),
  ('RN030654156', '28046683124', 'RENOVACAO', 'REJEITADO', 'B', 'B', '{"numeroRenach":"RN030654156","cpf":"28046683124","tipoProcesso":"RENOVACAO","situacao":"REJEITADO","categoriaAtual":"B","categoriaPretendida":"B"}'::jsonb),
  ('RN503696984', '07126603991', 'PRIMEIRA_HABILITACAO', 'REJEITADO', 'B', 'B', '{"numeroRenach":"RN503696984","cpf":"07126603991","tipoProcesso":"PRIMEIRA_HABILITACAO","situacao":"REJEITADO","categoriaAtual":"B","categoriaPretendida":"B"}'::jsonb),
  ('RN172945393', '58765575520', 'RENOVACAO', 'ABERTO', 'B', 'B', '{"numeroRenach":"RN172945393","cpf":"58765575520","tipoProcesso":"RENOVACAO","situacao":"ABERTO","categoriaAtual":"B","categoriaPretendida":"B"}'::jsonb),
  ('RN092594382', '75831432840', 'PRIMEIRA_HABILITACAO', 'AGENDADO', 'B', 'B', '{"numeroRenach":"RN092594382","cpf":"75831432840","tipoProcesso":"PRIMEIRA_HABILITACAO","situacao":"AGENDADO","categoriaAtual":"B","categoriaPretendida":"B"}'::jsonb),
  ('RN219101891', '78092884749', 'PRIMEIRA_HABILITACAO', 'APROVADO', 'B', 'B', '{"numeroRenach":"RN219101891","cpf":"78092884749","tipoProcesso":"PRIMEIRA_HABILITACAO","situacao":"APROVADO","categoriaAtual":"B","categoriaPretendida":"B"}'::jsonb),
  ('RN194638085', '33114922422', 'PRIMEIRA_HABILITACAO', 'AGUARDANDO_MEDICO', 'B', 'B', '{"numeroRenach":"RN194638085","cpf":"33114922422","tipoProcesso":"PRIMEIRA_HABILITACAO","situacao":"AGUARDANDO_MEDICO","categoriaAtual":"B","categoriaPretendida":"B"}'::jsonb),
  ('RN920462085', '20329909894', 'MUDANCA_CATEGORIA', 'APROVADO', 'B', 'B', '{"numeroRenach":"RN920462085","cpf":"20329909894","tipoProcesso":"MUDANCA_CATEGORIA","situacao":"APROVADO","categoriaAtual":"B","categoriaPretendida":"B"}'::jsonb),
  ('RN687211112', '32623442819', 'ADICAO_CATEGORIA', 'AGENDADO', 'B', 'B', '{"numeroRenach":"RN687211112","cpf":"32623442819","tipoProcesso":"ADICAO_CATEGORIA","situacao":"AGENDADO","categoriaAtual":"B","categoriaPretendida":"B"}'::jsonb),
  ('RN065953955', '75831432840', 'PRIMEIRA_HABILITACAO', 'APROVADO', 'B', 'B', '{"numeroRenach":"RN065953955","cpf":"75831432840","tipoProcesso":"PRIMEIRA_HABILITACAO","situacao":"APROVADO","categoriaAtual":"B","categoriaPretendida":"B"}'::jsonb),
  ('RN644046415', '56128000967', 'MUDANCA_CATEGORIA', 'APROVADO', 'B', 'B', '{"numeroRenach":"RN644046415","cpf":"56128000967","tipoProcesso":"MUDANCA_CATEGORIA","situacao":"APROVADO","categoriaAtual":"B","categoriaPretendida":"B"}'::jsonb),
  ('RN217990909', '39069615240', 'MUDANCA_CATEGORIA', 'ABERTO', 'B', 'B', '{"numeroRenach":"RN217990909","cpf":"39069615240","tipoProcesso":"MUDANCA_CATEGORIA","situacao":"ABERTO","categoriaAtual":"B","categoriaPretendida":"B"}'::jsonb),
  ('RN228859777', '21232183326', 'ADICAO_CATEGORIA', 'AGENDADO', 'B', 'B', '{"numeroRenach":"RN228859777","cpf":"21232183326","tipoProcesso":"ADICAO_CATEGORIA","situacao":"AGENDADO","categoriaAtual":"B","categoriaPretendida":"B"}'::jsonb),
  ('RN853410432', '81108564895', 'ADICAO_CATEGORIA', 'ABERTO', 'B', 'B', '{"numeroRenach":"RN853410432","cpf":"81108564895","tipoProcesso":"ADICAO_CATEGORIA","situacao":"ABERTO","categoriaAtual":"B","categoriaPretendida":"B"}'::jsonb),
  ('RN664235482', '80140942122', 'PRIMEIRA_HABILITACAO', 'REJEITADO', 'B', 'B', '{"numeroRenach":"RN664235482","cpf":"80140942122","tipoProcesso":"PRIMEIRA_HABILITACAO","situacao":"REJEITADO","categoriaAtual":"B","categoriaPretendida":"B"}'::jsonb),
  ('RN275792752', '07126603991', 'PRIMEIRA_HABILITACAO', 'ABERTO', 'B', 'B', '{"numeroRenach":"RN275792752","cpf":"07126603991","tipoProcesso":"PRIMEIRA_HABILITACAO","situacao":"ABERTO","categoriaAtual":"B","categoriaPretendida":"B"}'::jsonb),
  ('RN223612917', '24832928953', 'PRIMEIRA_HABILITACAO', 'APROVADO', 'B', 'B', '{"numeroRenach":"RN223612917","cpf":"24832928953","tipoProcesso":"PRIMEIRA_HABILITACAO","situacao":"APROVADO","categoriaAtual":"B","categoriaPretendida":"B"}'::jsonb),
  ('RN656491134', '68803398678', 'MUDANCA_CATEGORIA', 'APROVADO', 'B', 'B', '{"numeroRenach":"RN656491134","cpf":"68803398678","tipoProcesso":"MUDANCA_CATEGORIA","situacao":"APROVADO","categoriaAtual":"B","categoriaPretendida":"B"}'::jsonb),
  ('RN133102739', '22334215317', 'ADICAO_CATEGORIA', 'AGUARDANDO_MEDICO', 'B', 'B', '{"numeroRenach":"RN133102739","cpf":"22334215317","tipoProcesso":"ADICAO_CATEGORIA","situacao":"AGUARDANDO_MEDICO","categoriaAtual":"B","categoriaPretendida":"B"}'::jsonb),
  ('RN843072114', '95529623239', 'PRIMEIRA_HABILITACAO', 'AGUARDANDO_MEDICO', 'B', 'B', '{"numeroRenach":"RN843072114","cpf":"95529623239","tipoProcesso":"PRIMEIRA_HABILITACAO","situacao":"AGUARDANDO_MEDICO","categoriaAtual":"B","categoriaPretendida":"B"}'::jsonb),
  ('RN918834399', '74308987423', 'RENOVACAO', 'EXAME_REGISTRADO', 'B', 'B', '{"numeroRenach":"RN918834399","cpf":"74308987423","tipoProcesso":"RENOVACAO","situacao":"EXAME_REGISTRADO","categoriaAtual":"B","categoriaPretendida":"B"}'::jsonb),
  ('RN796562566', '17911790108', 'PRIMEIRA_HABILITACAO', 'EXAME_REGISTRADO', 'B', 'B', '{"numeroRenach":"RN796562566","cpf":"17911790108","tipoProcesso":"PRIMEIRA_HABILITACAO","situacao":"EXAME_REGISTRADO","categoriaAtual":"B","categoriaPretendida":"B"}'::jsonb),
  ('RN651623592', '73921275431', 'ADICAO_CATEGORIA', 'REJEITADO', 'B', 'B', '{"numeroRenach":"RN651623592","cpf":"73921275431","tipoProcesso":"ADICAO_CATEGORIA","situacao":"REJEITADO","categoriaAtual":"B","categoriaPretendida":"B"}'::jsonb),
  ('RN593496558', '90912826657', 'MUDANCA_CATEGORIA', 'AGENDADO', 'B', 'B', '{"numeroRenach":"RN593496558","cpf":"90912826657","tipoProcesso":"MUDANCA_CATEGORIA","situacao":"AGENDADO","categoriaAtual":"B","categoriaPretendida":"B"}'::jsonb),
  ('RN550069341', '24832928953', 'PRIMEIRA_HABILITACAO', 'AGUARDANDO_MEDICO', 'B', 'B', '{"numeroRenach":"RN550069341","cpf":"24832928953","tipoProcesso":"PRIMEIRA_HABILITACAO","situacao":"AGUARDANDO_MEDICO","categoriaAtual":"B","categoriaPretendida":"B"}'::jsonb),
  ('RN840763105', '17911790108', 'RENOVACAO', 'REJEITADO', 'B', 'B', '{"numeroRenach":"RN840763105","cpf":"17911790108","tipoProcesso":"RENOVACAO","situacao":"REJEITADO","categoriaAtual":"B","categoriaPretendida":"B"}'::jsonb),
  ('RN543960194', '73921275431', 'MUDANCA_CATEGORIA', 'AGENDADO', 'B', 'B', '{"numeroRenach":"RN543960194","cpf":"73921275431","tipoProcesso":"MUDANCA_CATEGORIA","situacao":"AGENDADO","categoriaAtual":"B","categoriaPretendida":"B"}'::jsonb),
  ('RN212197778', '04944361661', 'RENOVACAO', 'AGUARDANDO_MEDICO', 'B', 'B', '{"numeroRenach":"RN212197778","cpf":"04944361661","tipoProcesso":"RENOVACAO","situacao":"AGUARDANDO_MEDICO","categoriaAtual":"B","categoriaPretendida":"B"}'::jsonb),
  ('RN216107796', '26740895635', 'ADICAO_CATEGORIA', 'AGUARDANDO_MEDICO', 'B', 'B', '{"numeroRenach":"RN216107796","cpf":"26740895635","tipoProcesso":"ADICAO_CATEGORIA","situacao":"AGUARDANDO_MEDICO","categoriaAtual":"B","categoriaPretendida":"B"}'::jsonb),
  ('RN022862955', '74836272041', 'RENOVACAO', 'ABERTO', 'B', 'B', '{"numeroRenach":"RN022862955","cpf":"74836272041","tipoProcesso":"RENOVACAO","situacao":"ABERTO","categoriaAtual":"B","categoriaPretendida":"B"}'::jsonb),
  ('RN742861297', '77797736120', 'RENOVACAO', 'EXAME_REGISTRADO', 'B', 'B', '{"numeroRenach":"RN742861297","cpf":"77797736120","tipoProcesso":"RENOVACAO","situacao":"EXAME_REGISTRADO","categoriaAtual":"B","categoriaPretendida":"B"}'::jsonb),
  ('RN926243061', '71200405102', 'RENOVACAO', 'APROVADO', 'B', 'B', '{"numeroRenach":"RN926243061","cpf":"71200405102","tipoProcesso":"RENOVACAO","situacao":"APROVADO","categoriaAtual":"B","categoriaPretendida":"B"}'::jsonb),
  ('RN604615673', '03557816206', 'ADICAO_CATEGORIA', 'EXAME_REGISTRADO', 'B', 'B', '{"numeroRenach":"RN604615673","cpf":"03557816206","tipoProcesso":"ADICAO_CATEGORIA","situacao":"EXAME_REGISTRADO","categoriaAtual":"B","categoriaPretendida":"B"}'::jsonb),
  ('RN422263890', '04665244200', 'ADICAO_CATEGORIA', 'ABERTO', 'B', 'B', '{"numeroRenach":"RN422263890","cpf":"04665244200","tipoProcesso":"ADICAO_CATEGORIA","situacao":"ABERTO","categoriaAtual":"B","categoriaPretendida":"B"}'::jsonb),
  ('RN675982839', '24832928953', 'ADICAO_CATEGORIA', 'APROVADO', 'B', 'B', '{"numeroRenach":"RN675982839","cpf":"24832928953","tipoProcesso":"ADICAO_CATEGORIA","situacao":"APROVADO","categoriaAtual":"B","categoriaPretendida":"B"}'::jsonb),
  ('RN841947845', '26032006743', 'ADICAO_CATEGORIA', 'AGUARDANDO_MEDICO', 'B', 'B', '{"numeroRenach":"RN841947845","cpf":"26032006743","tipoProcesso":"ADICAO_CATEGORIA","situacao":"AGUARDANDO_MEDICO","categoriaAtual":"B","categoriaPretendida":"B"}'::jsonb),
  ('RN721538031', '99499546650', 'MUDANCA_CATEGORIA', 'AGUARDANDO_MEDICO', 'B', 'B', '{"numeroRenach":"RN721538031","cpf":"99499546650","tipoProcesso":"MUDANCA_CATEGORIA","situacao":"AGUARDANDO_MEDICO","categoriaAtual":"B","categoriaPretendida":"B"}'::jsonb);

