-- SENATRAN mock seed — RENACH (generated).
insert into renach.clinica (codigo_clinica, cnpj, nome, uf, credenciada, ativa, payload) values
  ('RS-CLINIC-0001', '93773621000199', 'CLINICA RS-CLINIC-0001', 'MA', true, true, '{"codigoClinica":"RS-CLINIC-0001","cnpj":"93773621000199","nome":"CLINICA RS-CLINIC-0001","uf":"MA","credenciada":true,"ativa":true}'::jsonb),
  ('RS-CLINIC-0002', '54680965000100', 'CLINICA RS-CLINIC-0002', 'PB', true, true, '{"codigoClinica":"RS-CLINIC-0002","cnpj":"54680965000100","nome":"CLINICA RS-CLINIC-0002","uf":"PB","credenciada":true,"ativa":true}'::jsonb),
  ('RS-CLINIC-0003', '45307260000142', 'CLINICA RS-CLINIC-0003', 'SP', true, true, '{"codigoClinica":"RS-CLINIC-0003","cnpj":"45307260000142","nome":"CLINICA RS-CLINIC-0003","uf":"SP","credenciada":true,"ativa":true}'::jsonb),
  ('RS-CLINIC-0004', '65966597000179', 'CLINICA RS-CLINIC-0004', 'GO', true, true, '{"codigoClinica":"RS-CLINIC-0004","cnpj":"65966597000179","nome":"CLINICA RS-CLINIC-0004","uf":"GO","credenciada":true,"ativa":true}'::jsonb),
  ('RS-CLINIC-0005', '17354740000129', 'CLINICA RS-CLINIC-0005', 'MS', true, true, '{"codigoClinica":"RS-CLINIC-0005","cnpj":"17354740000129","nome":"CLINICA RS-CLINIC-0005","uf":"MS","credenciada":true,"ativa":true}'::jsonb),
  ('RS-CLINIC-0006', '05641347000137', 'CLINICA RS-CLINIC-0006', 'RO', false, true, '{"codigoClinica":"RS-CLINIC-0006","cnpj":"05641347000137","nome":"CLINICA RS-CLINIC-0006","uf":"RO","credenciada":false,"ativa":true}'::jsonb),
  ('RS-CLINIC-0007', '11402075000115', 'CLINICA RS-CLINIC-0007', 'RS', false, false, '{"codigoClinica":"RS-CLINIC-0007","cnpj":"11402075000115","nome":"CLINICA RS-CLINIC-0007","uf":"RS","credenciada":false,"ativa":false}'::jsonb),
  ('RS-CLINIC-0008', '86457754000190', 'CLINICA RS-CLINIC-0008', 'RR', true, true, '{"codigoClinica":"RS-CLINIC-0008","cnpj":"86457754000190","nome":"CLINICA RS-CLINIC-0008","uf":"RR","credenciada":true,"ativa":true}'::jsonb),
  ('RS-CLINIC-0009', '93205550000128', 'CLINICA RS-CLINIC-0009', 'RO', true, true, '{"codigoClinica":"RS-CLINIC-0009","cnpj":"93205550000128","nome":"CLINICA RS-CLINIC-0009","uf":"RO","credenciada":true,"ativa":true}'::jsonb),
  ('RS-CLINIC-0010', '22891743000131', 'CLINICA RS-CLINIC-0010', 'TO', true, true, '{"codigoClinica":"RS-CLINIC-0010","cnpj":"22891743000131","nome":"CLINICA RS-CLINIC-0010","uf":"TO","credenciada":true,"ativa":true}'::jsonb),
  ('RS-CLINIC-0011', '29998963000108', 'CLINICA RS-CLINIC-0011', 'PB', false, true, '{"codigoClinica":"RS-CLINIC-0011","cnpj":"29998963000108","nome":"CLINICA RS-CLINIC-0011","uf":"PB","credenciada":false,"ativa":true}'::jsonb),
  ('RS-CLINIC-0012', '31505733000101', 'CLINICA RS-CLINIC-0012', 'AP', true, true, '{"codigoClinica":"RS-CLINIC-0012","cnpj":"31505733000101","nome":"CLINICA RS-CLINIC-0012","uf":"AP","credenciada":true,"ativa":true}'::jsonb),
  ('RS-CLINIC-0013', '53246749000180', 'CLINICA RS-CLINIC-0013', 'PE', false, true, '{"codigoClinica":"RS-CLINIC-0013","cnpj":"53246749000180","nome":"CLINICA RS-CLINIC-0013","uf":"PE","credenciada":false,"ativa":true}'::jsonb),
  ('RS-CLINIC-0014', '33590931000146', 'CLINICA RS-CLINIC-0014', 'RS', true, true, '{"codigoClinica":"RS-CLINIC-0014","cnpj":"33590931000146","nome":"CLINICA RS-CLINIC-0014","uf":"RS","credenciada":true,"ativa":true}'::jsonb),
  ('RS-CLINIC-0015', '35805681000140', 'CLINICA RS-CLINIC-0015', 'MG', true, true, '{"codigoClinica":"RS-CLINIC-0015","cnpj":"35805681000140","nome":"CLINICA RS-CLINIC-0015","uf":"MG","credenciada":true,"ativa":true}'::jsonb),
  ('RS-CLINIC-0016', '36625059000112', 'CLINICA RS-CLINIC-0016', 'ES', true, true, '{"codigoClinica":"RS-CLINIC-0016","cnpj":"36625059000112","nome":"CLINICA RS-CLINIC-0016","uf":"ES","credenciada":true,"ativa":true}'::jsonb),
  ('RS-CLINIC-0017', '65082842000185', 'CLINICA RS-CLINIC-0017', 'RR', false, false, '{"codigoClinica":"RS-CLINIC-0017","cnpj":"65082842000185","nome":"CLINICA RS-CLINIC-0017","uf":"RR","credenciada":false,"ativa":false}'::jsonb),
  ('RS-CLINIC-0018', '55840547000197', 'CLINICA RS-CLINIC-0018', 'MT', true, true, '{"codigoClinica":"RS-CLINIC-0018","cnpj":"55840547000197","nome":"CLINICA RS-CLINIC-0018","uf":"MT","credenciada":true,"ativa":true}'::jsonb),
  ('RS-CLINIC-0019', '49874646000197', 'CLINICA RS-CLINIC-0019', 'MA', true, true, '{"codigoClinica":"RS-CLINIC-0019","cnpj":"49874646000197","nome":"CLINICA RS-CLINIC-0019","uf":"MA","credenciada":true,"ativa":true}'::jsonb),
  ('RS-CLINIC-0020', '81213823000105', 'CLINICA RS-CLINIC-0020', 'PB', true, true, '{"codigoClinica":"RS-CLINIC-0020","cnpj":"81213823000105","nome":"CLINICA RS-CLINIC-0020","uf":"PB","credenciada":true,"ativa":true}'::jsonb);

insert into renach.profissional (cpf, conselho, numero_conselho, uf, codigo_clinica, credenciado, ativo, payload) values
  ('60240903315', 'CRM', '63278', 'MA', 'RS-CLINIC-0001', true, true, '{"cpf":"60240903315","conselho":"CRM","uf":"MA","codigoClinica":"RS-CLINIC-0001","credenciado":true,"ativo":true}'::jsonb),
  ('34389191179', 'CRP', '86709', 'SP', 'RS-CLINIC-0003', true, true, '{"cpf":"34389191179","conselho":"CRP","uf":"SP","codigoClinica":"RS-CLINIC-0003","credenciado":true,"ativo":true}'::jsonb),
  ('34618382252', 'CRM', '64735', 'MS', 'RS-CLINIC-0005', true, true, '{"cpf":"34618382252","conselho":"CRM","uf":"MS","codigoClinica":"RS-CLINIC-0005","credenciado":true,"ativo":true}'::jsonb),
  ('34636647637', 'CRM', '67327', 'ES', 'RS-CLINIC-0016', true, true, '{"cpf":"34636647637","conselho":"CRM","uf":"ES","codigoClinica":"RS-CLINIC-0016","credenciado":true,"ativo":true}'::jsonb),
  ('18652598533', 'CRP', '40362', 'PB', 'RS-CLINIC-0020', true, true, '{"cpf":"18652598533","conselho":"CRP","uf":"PB","codigoClinica":"RS-CLINIC-0020","credenciado":true,"ativo":true}'::jsonb),
  ('54803684944', 'CRM', '36187', 'PB', 'RS-CLINIC-0011', true, false, '{"cpf":"54803684944","conselho":"CRM","uf":"PB","codigoClinica":"RS-CLINIC-0011","credenciado":true,"ativo":false}'::jsonb),
  ('42104512158', 'CRM', '83167', 'MG', 'RS-CLINIC-0015', true, true, '{"cpf":"42104512158","conselho":"CRM","uf":"MG","codigoClinica":"RS-CLINIC-0015","credenciado":true,"ativo":true}'::jsonb),
  ('31825088144', 'CRM', '00423', 'PB', 'RS-CLINIC-0011', false, true, '{"cpf":"31825088144","conselho":"CRM","uf":"PB","codigoClinica":"RS-CLINIC-0011","credenciado":false,"ativo":true}'::jsonb),
  ('75096549550', 'CRP', '28337', 'MA', 'RS-CLINIC-0019', true, true, '{"cpf":"75096549550","conselho":"CRP","uf":"MA","codigoClinica":"RS-CLINIC-0019","credenciado":true,"ativo":true}'::jsonb),
  ('97569675797', 'CRM', '01220', 'RO', 'RS-CLINIC-0006', true, false, '{"cpf":"97569675797","conselho":"CRM","uf":"RO","codigoClinica":"RS-CLINIC-0006","credenciado":true,"ativo":false}'::jsonb),
  ('16104112692', 'CRP', '38648', 'RO', 'RS-CLINIC-0006', true, false, '{"cpf":"16104112692","conselho":"CRP","uf":"RO","codigoClinica":"RS-CLINIC-0006","credenciado":true,"ativo":false}'::jsonb),
  ('02744500542', 'CRP', '63328', 'PB', 'RS-CLINIC-0002', true, true, '{"cpf":"02744500542","conselho":"CRP","uf":"PB","codigoClinica":"RS-CLINIC-0002","credenciado":true,"ativo":true}'::jsonb),
  ('97289941179', 'CRM', '55396', 'MA', 'RS-CLINIC-0019', false, true, '{"cpf":"97289941179","conselho":"CRM","uf":"MA","codigoClinica":"RS-CLINIC-0019","credenciado":false,"ativo":true}'::jsonb),
  ('61371478279', 'CRM', '42363', 'MG', 'RS-CLINIC-0015', true, false, '{"cpf":"61371478279","conselho":"CRM","uf":"MG","codigoClinica":"RS-CLINIC-0015","credenciado":true,"ativo":false}'::jsonb),
  ('11697097618', 'CRP', '19394', 'AP', 'RS-CLINIC-0012', true, true, '{"cpf":"11697097618","conselho":"CRP","uf":"AP","codigoClinica":"RS-CLINIC-0012","credenciado":true,"ativo":true}'::jsonb),
  ('52532360666', 'CRM', '27393', 'RR', 'RS-CLINIC-0017', false, true, '{"cpf":"52532360666","conselho":"CRM","uf":"RR","codigoClinica":"RS-CLINIC-0017","credenciado":false,"ativo":true}'::jsonb),
  ('36533360078', 'CRM', '30515', 'PE', 'RS-CLINIC-0013', true, true, '{"cpf":"36533360078","conselho":"CRM","uf":"PE","codigoClinica":"RS-CLINIC-0013","credenciado":true,"ativo":true}'::jsonb),
  ('39790750013', 'CRP', '98259', 'ES', 'RS-CLINIC-0016', true, true, '{"cpf":"39790750013","conselho":"CRP","uf":"ES","codigoClinica":"RS-CLINIC-0016","credenciado":true,"ativo":true}'::jsonb),
  ('77877054343', 'CRP', '53345', 'MT', 'RS-CLINIC-0018', true, false, '{"cpf":"77877054343","conselho":"CRP","uf":"MT","codigoClinica":"RS-CLINIC-0018","credenciado":true,"ativo":false}'::jsonb),
  ('96665202305', 'CRM', '92267', 'RR', 'RS-CLINIC-0008', true, true, '{"cpf":"96665202305","conselho":"CRM","uf":"RR","codigoClinica":"RS-CLINIC-0008","credenciado":true,"ativo":true}'::jsonb),
  ('20173324029', 'CRM', '30046', 'PB', 'RS-CLINIC-0002', true, true, '{"cpf":"20173324029","conselho":"CRM","uf":"PB","codigoClinica":"RS-CLINIC-0002","credenciado":true,"ativo":true}'::jsonb),
  ('60181337177', 'CRP', '18150', 'MG', 'RS-CLINIC-0015', true, true, '{"cpf":"60181337177","conselho":"CRP","uf":"MG","codigoClinica":"RS-CLINIC-0015","credenciado":true,"ativo":true}'::jsonb),
  ('49145216282', 'CRP', '72365', 'MA', 'RS-CLINIC-0001', true, true, '{"cpf":"49145216282","conselho":"CRP","uf":"MA","codigoClinica":"RS-CLINIC-0001","credenciado":true,"ativo":true}'::jsonb),
  ('87961101713', 'CRP', '97581', 'RR', 'RS-CLINIC-0008', true, false, '{"cpf":"87961101713","conselho":"CRP","uf":"RR","codigoClinica":"RS-CLINIC-0008","credenciado":true,"ativo":false}'::jsonb),
  ('42967396460', 'CRP', '42134', 'RO', 'RS-CLINIC-0006', true, true, '{"cpf":"42967396460","conselho":"CRP","uf":"RO","codigoClinica":"RS-CLINIC-0006","credenciado":true,"ativo":true}'::jsonb),
  ('70709586256', 'CRM', '37107', 'MA', 'RS-CLINIC-0001', true, true, '{"cpf":"70709586256","conselho":"CRM","uf":"MA","codigoClinica":"RS-CLINIC-0001","credenciado":true,"ativo":true}'::jsonb),
  ('69416337943', 'CRM', '67737', 'ES', 'RS-CLINIC-0016', true, true, '{"cpf":"69416337943","conselho":"CRM","uf":"ES","codigoClinica":"RS-CLINIC-0016","credenciado":true,"ativo":true}'::jsonb),
  ('57359561590', 'CRM', '06581', 'MA', 'RS-CLINIC-0001', false, true, '{"cpf":"57359561590","conselho":"CRM","uf":"MA","codigoClinica":"RS-CLINIC-0001","credenciado":false,"ativo":true}'::jsonb),
  ('09688413763', 'CRM', '01396', 'RR', 'RS-CLINIC-0008', true, true, '{"cpf":"09688413763","conselho":"CRM","uf":"RR","codigoClinica":"RS-CLINIC-0008","credenciado":true,"ativo":true}'::jsonb),
  ('63550291680', 'CRM', '88167', 'MA', 'RS-CLINIC-0001', true, true, '{"cpf":"63550291680","conselho":"CRM","uf":"MA","codigoClinica":"RS-CLINIC-0001","credenciado":true,"ativo":true}'::jsonb),
  ('95326743493', 'CRM', '98770', 'AP', 'RS-CLINIC-0012', true, true, '{"cpf":"95326743493","conselho":"CRM","uf":"AP","codigoClinica":"RS-CLINIC-0012","credenciado":true,"ativo":true}'::jsonb),
  ('05480382870', 'CRP', '00414', 'MA', 'RS-CLINIC-0019', true, true, '{"cpf":"05480382870","conselho":"CRP","uf":"MA","codigoClinica":"RS-CLINIC-0019","credenciado":true,"ativo":true}'::jsonb),
  ('25872470550', 'CRM', '12481', 'PB', 'RS-CLINIC-0020', true, true, '{"cpf":"25872470550","conselho":"CRM","uf":"PB","codigoClinica":"RS-CLINIC-0020","credenciado":true,"ativo":true}'::jsonb),
  ('95286884466', 'CRM', '00679', 'PE', 'RS-CLINIC-0013', true, true, '{"cpf":"95286884466","conselho":"CRM","uf":"PE","codigoClinica":"RS-CLINIC-0013","credenciado":true,"ativo":true}'::jsonb),
  ('45240412227', 'CRM', '41787', 'PE', 'RS-CLINIC-0013', false, true, '{"cpf":"45240412227","conselho":"CRM","uf":"PE","codigoClinica":"RS-CLINIC-0013","credenciado":false,"ativo":true}'::jsonb),
  ('13048708553', 'CRP', '29826', 'MA', 'RS-CLINIC-0019', true, true, '{"cpf":"13048708553","conselho":"CRP","uf":"MA","codigoClinica":"RS-CLINIC-0019","credenciado":true,"ativo":true}'::jsonb),
  ('91373164352', 'CRP', '31739', 'RS', 'RS-CLINIC-0007', true, true, '{"cpf":"91373164352","conselho":"CRP","uf":"RS","codigoClinica":"RS-CLINIC-0007","credenciado":true,"ativo":true}'::jsonb),
  ('24191392409', 'CRM', '21349', 'RS', 'RS-CLINIC-0014', true, true, '{"cpf":"24191392409","conselho":"CRM","uf":"RS","codigoClinica":"RS-CLINIC-0014","credenciado":true,"ativo":true}'::jsonb),
  ('00566640520', 'CRM', '65568', 'MS', 'RS-CLINIC-0005', true, true, '{"cpf":"00566640520","conselho":"CRM","uf":"MS","codigoClinica":"RS-CLINIC-0005","credenciado":true,"ativo":true}'::jsonb),
  ('97388658084', 'CRM', '70367', 'MG', 'RS-CLINIC-0015', true, true, '{"cpf":"97388658084","conselho":"CRM","uf":"MG","codigoClinica":"RS-CLINIC-0015","credenciado":true,"ativo":true}'::jsonb);

insert into renach.processo (numero_renach, cpf, tipo_processo, situacao, categoria_atual, categoria_pretendida, payload) values
  ('RS123456789', '52998224725', 'RENOVACAO', 'AGUARDANDO_MEDICO', 'B', 'B', '{"numeroRenach":"RS123456789","cpf":"52998224725","tipoProcesso":"RENOVACAO","situacao":"AGUARDANDO_MEDICO","categoriaAtual":"B","categoriaPretendida":"B"}'::jsonb),
  ('RN464476392', '31560436999', 'MUDANCA_CATEGORIA', 'EXAME_REGISTRADO', 'B', 'B', '{"numeroRenach":"RN464476392","cpf":"31560436999","tipoProcesso":"MUDANCA_CATEGORIA","situacao":"EXAME_REGISTRADO","categoriaAtual":"B","categoriaPretendida":"B"}'::jsonb),
  ('RN595622568', '04665244200', 'MUDANCA_CATEGORIA', 'AGENDADO', 'B', 'B', '{"numeroRenach":"RN595622568","cpf":"04665244200","tipoProcesso":"MUDANCA_CATEGORIA","situacao":"AGENDADO","categoriaAtual":"B","categoriaPretendida":"B"}'::jsonb),
  ('RN433884954', '90912826657', 'ADICAO_CATEGORIA', 'EXAME_REGISTRADO', 'B', 'B', '{"numeroRenach":"RN433884954","cpf":"90912826657","tipoProcesso":"ADICAO_CATEGORIA","situacao":"EXAME_REGISTRADO","categoriaAtual":"B","categoriaPretendida":"B"}'::jsonb),
  ('RN355688849', '07126603991', 'RENOVACAO', 'EXAME_REGISTRADO', 'B', 'B', '{"numeroRenach":"RN355688849","cpf":"07126603991","tipoProcesso":"RENOVACAO","situacao":"EXAME_REGISTRADO","categoriaAtual":"B","categoriaPretendida":"B"}'::jsonb),
  ('RN605414237', '22184400750', 'RENOVACAO', 'AGUARDANDO_MEDICO', 'B', 'B', '{"numeroRenach":"RN605414237","cpf":"22184400750","tipoProcesso":"RENOVACAO","situacao":"AGUARDANDO_MEDICO","categoriaAtual":"B","categoriaPretendida":"B"}'::jsonb),
  ('RN469317575', '28046683124', 'ADICAO_CATEGORIA', 'AGENDADO', 'B', 'B', '{"numeroRenach":"RN469317575","cpf":"28046683124","tipoProcesso":"ADICAO_CATEGORIA","situacao":"AGENDADO","categoriaAtual":"B","categoriaPretendida":"B"}'::jsonb),
  ('RN081172590', '24870493756', 'PRIMEIRA_HABILITACAO', 'AGUARDANDO_MEDICO', 'B', 'B', '{"numeroRenach":"RN081172590","cpf":"24870493756","tipoProcesso":"PRIMEIRA_HABILITACAO","situacao":"AGUARDANDO_MEDICO","categoriaAtual":"B","categoriaPretendida":"B"}'::jsonb),
  ('RN900636029', '72965248803', 'MUDANCA_CATEGORIA', 'REJEITADO', 'B', 'B', '{"numeroRenach":"RN900636029","cpf":"72965248803","tipoProcesso":"MUDANCA_CATEGORIA","situacao":"REJEITADO","categoriaAtual":"B","categoriaPretendida":"B"}'::jsonb),
  ('RN546737549', '20329909894', 'PRIMEIRA_HABILITACAO', 'REJEITADO', 'B', 'B', '{"numeroRenach":"RN546737549","cpf":"20329909894","tipoProcesso":"PRIMEIRA_HABILITACAO","situacao":"REJEITADO","categoriaAtual":"B","categoriaPretendida":"B"}'::jsonb),
  ('RN503080912', '32623442819', 'PRIMEIRA_HABILITACAO', 'AGUARDANDO_MEDICO', 'B', 'B', '{"numeroRenach":"RN503080912","cpf":"32623442819","tipoProcesso":"PRIMEIRA_HABILITACAO","situacao":"AGUARDANDO_MEDICO","categoriaAtual":"B","categoriaPretendida":"B"}'::jsonb),
  ('RN731328764', '22184400750', 'PRIMEIRA_HABILITACAO', 'REJEITADO', 'B', 'B', '{"numeroRenach":"RN731328764","cpf":"22184400750","tipoProcesso":"PRIMEIRA_HABILITACAO","situacao":"REJEITADO","categoriaAtual":"B","categoriaPretendida":"B"}'::jsonb),
  ('RN353334780', '86110975303', 'ADICAO_CATEGORIA', 'AGENDADO', 'B', 'B', '{"numeroRenach":"RN353334780","cpf":"86110975303","tipoProcesso":"ADICAO_CATEGORIA","situacao":"AGENDADO","categoriaAtual":"B","categoriaPretendida":"B"}'::jsonb),
  ('RN423667506', '74759438360', 'PRIMEIRA_HABILITACAO', 'REJEITADO', 'B', 'B', '{"numeroRenach":"RN423667506","cpf":"74759438360","tipoProcesso":"PRIMEIRA_HABILITACAO","situacao":"REJEITADO","categoriaAtual":"B","categoriaPretendida":"B"}'::jsonb),
  ('RN472161635', '20329909894', 'MUDANCA_CATEGORIA', 'EXAME_REGISTRADO', 'B', 'B', '{"numeroRenach":"RN472161635","cpf":"20329909894","tipoProcesso":"MUDANCA_CATEGORIA","situacao":"EXAME_REGISTRADO","categoriaAtual":"B","categoriaPretendida":"B"}'::jsonb),
  ('RN510556631', '17911790108', 'ADICAO_CATEGORIA', 'AGUARDANDO_MEDICO', 'B', 'B', '{"numeroRenach":"RN510556631","cpf":"17911790108","tipoProcesso":"ADICAO_CATEGORIA","situacao":"AGUARDANDO_MEDICO","categoriaAtual":"B","categoriaPretendida":"B"}'::jsonb),
  ('RN635788185', '52998224725', 'ADICAO_CATEGORIA', 'EXAME_REGISTRADO', 'B', 'B', '{"numeroRenach":"RN635788185","cpf":"52998224725","tipoProcesso":"ADICAO_CATEGORIA","situacao":"EXAME_REGISTRADO","categoriaAtual":"B","categoriaPretendida":"B"}'::jsonb),
  ('RN207672445', '68803398678', 'MUDANCA_CATEGORIA', 'APROVADO', 'B', 'B', '{"numeroRenach":"RN207672445","cpf":"68803398678","tipoProcesso":"MUDANCA_CATEGORIA","situacao":"APROVADO","categoriaAtual":"B","categoriaPretendida":"B"}'::jsonb),
  ('RN550240872', '80818900415', 'ADICAO_CATEGORIA', 'EXAME_REGISTRADO', 'B', 'B', '{"numeroRenach":"RN550240872","cpf":"80818900415","tipoProcesso":"ADICAO_CATEGORIA","situacao":"EXAME_REGISTRADO","categoriaAtual":"B","categoriaPretendida":"B"}'::jsonb),
  ('RN309489313', '88234209701', 'MUDANCA_CATEGORIA', 'ABERTO', 'B', 'B', '{"numeroRenach":"RN309489313","cpf":"88234209701","tipoProcesso":"MUDANCA_CATEGORIA","situacao":"ABERTO","categoriaAtual":"B","categoriaPretendida":"B"}'::jsonb),
  ('RN508074056', '21232183326', 'ADICAO_CATEGORIA', 'ABERTO', 'B', 'B', '{"numeroRenach":"RN508074056","cpf":"21232183326","tipoProcesso":"ADICAO_CATEGORIA","situacao":"ABERTO","categoriaAtual":"B","categoriaPretendida":"B"}'::jsonb),
  ('RN170560306', '08898491026', 'PRIMEIRA_HABILITACAO', 'AGENDADO', 'B', 'B', '{"numeroRenach":"RN170560306","cpf":"08898491026","tipoProcesso":"PRIMEIRA_HABILITACAO","situacao":"AGENDADO","categoriaAtual":"B","categoriaPretendida":"B"}'::jsonb),
  ('RN156495036', '29538708300', 'RENOVACAO', 'EXAME_REGISTRADO', 'B', 'B', '{"numeroRenach":"RN156495036","cpf":"29538708300","tipoProcesso":"RENOVACAO","situacao":"EXAME_REGISTRADO","categoriaAtual":"B","categoriaPretendida":"B"}'::jsonb),
  ('RN984791729', '21232183326', 'ADICAO_CATEGORIA', 'EXAME_REGISTRADO', 'B', 'B', '{"numeroRenach":"RN984791729","cpf":"21232183326","tipoProcesso":"ADICAO_CATEGORIA","situacao":"EXAME_REGISTRADO","categoriaAtual":"B","categoriaPretendida":"B"}'::jsonb),
  ('RN393300925', '73921275431', 'MUDANCA_CATEGORIA', 'AGENDADO', 'B', 'B', '{"numeroRenach":"RN393300925","cpf":"73921275431","tipoProcesso":"MUDANCA_CATEGORIA","situacao":"AGENDADO","categoriaAtual":"B","categoriaPretendida":"B"}'::jsonb),
  ('RN382242191', '24870493756', 'ADICAO_CATEGORIA', 'AGUARDANDO_MEDICO', 'B', 'B', '{"numeroRenach":"RN382242191","cpf":"24870493756","tipoProcesso":"ADICAO_CATEGORIA","situacao":"AGUARDANDO_MEDICO","categoriaAtual":"B","categoriaPretendida":"B"}'::jsonb),
  ('RN891771946', '80399350918', 'PRIMEIRA_HABILITACAO', 'REJEITADO', 'B', 'B', '{"numeroRenach":"RN891771946","cpf":"80399350918","tipoProcesso":"PRIMEIRA_HABILITACAO","situacao":"REJEITADO","categoriaAtual":"B","categoriaPretendida":"B"}'::jsonb),
  ('RN085329204', '68803398678', 'MUDANCA_CATEGORIA', 'AGUARDANDO_MEDICO', 'B', 'B', '{"numeroRenach":"RN085329204","cpf":"68803398678","tipoProcesso":"MUDANCA_CATEGORIA","situacao":"AGUARDANDO_MEDICO","categoriaAtual":"B","categoriaPretendida":"B"}'::jsonb),
  ('RN085876872', '27680831866', 'RENOVACAO', 'ABERTO', 'B', 'B', '{"numeroRenach":"RN085876872","cpf":"27680831866","tipoProcesso":"RENOVACAO","situacao":"ABERTO","categoriaAtual":"B","categoriaPretendida":"B"}'::jsonb),
  ('RN112930659', '08898491026', 'ADICAO_CATEGORIA', 'AGENDADO', 'B', 'B', '{"numeroRenach":"RN112930659","cpf":"08898491026","tipoProcesso":"ADICAO_CATEGORIA","situacao":"AGENDADO","categoriaAtual":"B","categoriaPretendida":"B"}'::jsonb),
  ('RN955276440', '42233237170', 'RENOVACAO', 'APROVADO', 'B', 'B', '{"numeroRenach":"RN955276440","cpf":"42233237170","tipoProcesso":"RENOVACAO","situacao":"APROVADO","categoriaAtual":"B","categoriaPretendida":"B"}'::jsonb),
  ('RN415372179', '73921275431', 'PRIMEIRA_HABILITACAO', 'ABERTO', 'B', 'B', '{"numeroRenach":"RN415372179","cpf":"73921275431","tipoProcesso":"PRIMEIRA_HABILITACAO","situacao":"ABERTO","categoriaAtual":"B","categoriaPretendida":"B"}'::jsonb),
  ('RN909112288', '83258842744', 'PRIMEIRA_HABILITACAO', 'REJEITADO', 'B', 'B', '{"numeroRenach":"RN909112288","cpf":"83258842744","tipoProcesso":"PRIMEIRA_HABILITACAO","situacao":"REJEITADO","categoriaAtual":"B","categoriaPretendida":"B"}'::jsonb),
  ('RN777448534', '50579463079', 'PRIMEIRA_HABILITACAO', 'ABERTO', 'B', 'B', '{"numeroRenach":"RN777448534","cpf":"50579463079","tipoProcesso":"PRIMEIRA_HABILITACAO","situacao":"ABERTO","categoriaAtual":"B","categoriaPretendida":"B"}'::jsonb),
  ('RN432616642', '80399350918', 'RENOVACAO', 'EXAME_REGISTRADO', 'B', 'B', '{"numeroRenach":"RN432616642","cpf":"80399350918","tipoProcesso":"RENOVACAO","situacao":"EXAME_REGISTRADO","categoriaAtual":"B","categoriaPretendida":"B"}'::jsonb),
  ('RN482892757', '25582324526', 'MUDANCA_CATEGORIA', 'AGUARDANDO_MEDICO', 'B', 'B', '{"numeroRenach":"RN482892757","cpf":"25582324526","tipoProcesso":"MUDANCA_CATEGORIA","situacao":"AGUARDANDO_MEDICO","categoriaAtual":"B","categoriaPretendida":"B"}'::jsonb),
  ('RN752712236', '00181782600', 'MUDANCA_CATEGORIA', 'AGUARDANDO_MEDICO', 'B', 'B', '{"numeroRenach":"RN752712236","cpf":"00181782600","tipoProcesso":"MUDANCA_CATEGORIA","situacao":"AGUARDANDO_MEDICO","categoriaAtual":"B","categoriaPretendida":"B"}'::jsonb),
  ('RN917376564', '25291389230', 'ADICAO_CATEGORIA', 'AGUARDANDO_MEDICO', 'B', 'B', '{"numeroRenach":"RN917376564","cpf":"25291389230","tipoProcesso":"ADICAO_CATEGORIA","situacao":"AGUARDANDO_MEDICO","categoriaAtual":"B","categoriaPretendida":"B"}'::jsonb),
  ('RN134671331', '19929181989', 'PRIMEIRA_HABILITACAO', 'AGUARDANDO_MEDICO', 'B', 'B', '{"numeroRenach":"RN134671331","cpf":"19929181989","tipoProcesso":"PRIMEIRA_HABILITACAO","situacao":"AGUARDANDO_MEDICO","categoriaAtual":"B","categoriaPretendida":"B"}'::jsonb),
  ('RN739838430', '12371544990', 'ADICAO_CATEGORIA', 'AGUARDANDO_MEDICO', 'B', 'B', '{"numeroRenach":"RN739838430","cpf":"12371544990","tipoProcesso":"ADICAO_CATEGORIA","situacao":"AGUARDANDO_MEDICO","categoriaAtual":"B","categoriaPretendida":"B"}'::jsonb),
  ('RN114429188', '80399350918', 'ADICAO_CATEGORIA', 'AGENDADO', 'B', 'B', '{"numeroRenach":"RN114429188","cpf":"80399350918","tipoProcesso":"ADICAO_CATEGORIA","situacao":"AGENDADO","categoriaAtual":"B","categoriaPretendida":"B"}'::jsonb);

