-- SENATRAN mock seed — RENACH (generated).
insert into renach.clinica (codigo_clinica, cnpj, nome, uf, credenciada, ativa, payload) values
  ('RS-CLINIC-0001', '46931757000108', 'CLINICA RS-CLINIC-0001', 'PR', true, true, '{"codigoClinica":"RS-CLINIC-0001","cnpj":"46931757000108","nome":"CLINICA RS-CLINIC-0001","uf":"PR","credenciada":true,"ativa":true}'::jsonb),
  ('RS-CLINIC-0002', '08117259000129', 'CLINICA RS-CLINIC-0002', 'AL', true, true, '{"codigoClinica":"RS-CLINIC-0002","cnpj":"08117259000129","nome":"CLINICA RS-CLINIC-0002","uf":"AL","credenciada":true,"ativa":true}'::jsonb),
  ('RS-CLINIC-0003', '90063602000180', 'CLINICA RS-CLINIC-0003', 'SE', true, true, '{"codigoClinica":"RS-CLINIC-0003","cnpj":"90063602000180","nome":"CLINICA RS-CLINIC-0003","uf":"SE","credenciada":true,"ativa":true}'::jsonb),
  ('RS-CLINIC-0004', '54673754000131', 'CLINICA RS-CLINIC-0004', 'SP', true, true, '{"codigoClinica":"RS-CLINIC-0004","cnpj":"54673754000131","nome":"CLINICA RS-CLINIC-0004","uf":"SP","credenciada":true,"ativa":true}'::jsonb),
  ('RS-CLINIC-0005', '50308091000103', 'CLINICA RS-CLINIC-0005', 'DF', false, true, '{"codigoClinica":"RS-CLINIC-0005","cnpj":"50308091000103","nome":"CLINICA RS-CLINIC-0005","uf":"DF","credenciada":false,"ativa":true}'::jsonb),
  ('RS-CLINIC-0006', '73132876000165', 'CLINICA RS-CLINIC-0006', 'MG', true, false, '{"codigoClinica":"RS-CLINIC-0006","cnpj":"73132876000165","nome":"CLINICA RS-CLINIC-0006","uf":"MG","credenciada":true,"ativa":false}'::jsonb),
  ('RS-CLINIC-0007', '35333478000118', 'CLINICA RS-CLINIC-0007', 'AL', true, true, '{"codigoClinica":"RS-CLINIC-0007","cnpj":"35333478000118","nome":"CLINICA RS-CLINIC-0007","uf":"AL","credenciada":true,"ativa":true}'::jsonb),
  ('RS-CLINIC-0008', '42366750000121', 'CLINICA RS-CLINIC-0008', 'RJ', true, false, '{"codigoClinica":"RS-CLINIC-0008","cnpj":"42366750000121","nome":"CLINICA RS-CLINIC-0008","uf":"RJ","credenciada":true,"ativa":false}'::jsonb),
  ('RS-CLINIC-0009', '47216163000170', 'CLINICA RS-CLINIC-0009', 'PR', true, true, '{"codigoClinica":"RS-CLINIC-0009","cnpj":"47216163000170","nome":"CLINICA RS-CLINIC-0009","uf":"PR","credenciada":true,"ativa":true}'::jsonb),
  ('RS-CLINIC-0010', '51055663000144', 'CLINICA RS-CLINIC-0010', 'AP', true, true, '{"codigoClinica":"RS-CLINIC-0010","cnpj":"51055663000144","nome":"CLINICA RS-CLINIC-0010","uf":"AP","credenciada":true,"ativa":true}'::jsonb),
  ('RS-CLINIC-0011', '63578818000106', 'CLINICA RS-CLINIC-0011', 'PR', true, true, '{"codigoClinica":"RS-CLINIC-0011","cnpj":"63578818000106","nome":"CLINICA RS-CLINIC-0011","uf":"PR","credenciada":true,"ativa":true}'::jsonb),
  ('RS-CLINIC-0012', '20767244000101', 'CLINICA RS-CLINIC-0012', 'PA', true, true, '{"codigoClinica":"RS-CLINIC-0012","cnpj":"20767244000101","nome":"CLINICA RS-CLINIC-0012","uf":"PA","credenciada":true,"ativa":true}'::jsonb),
  ('RS-CLINIC-0013', '55024087000129', 'CLINICA RS-CLINIC-0013', 'DF', true, true, '{"codigoClinica":"RS-CLINIC-0013","cnpj":"55024087000129","nome":"CLINICA RS-CLINIC-0013","uf":"DF","credenciada":true,"ativa":true}'::jsonb),
  ('RS-CLINIC-0014', '30948931000187', 'CLINICA RS-CLINIC-0014', 'MA', true, true, '{"codigoClinica":"RS-CLINIC-0014","cnpj":"30948931000187","nome":"CLINICA RS-CLINIC-0014","uf":"MA","credenciada":true,"ativa":true}'::jsonb),
  ('RS-CLINIC-0015', '50807405000104', 'CLINICA RS-CLINIC-0015', 'PI', true, true, '{"codigoClinica":"RS-CLINIC-0015","cnpj":"50807405000104","nome":"CLINICA RS-CLINIC-0015","uf":"PI","credenciada":true,"ativa":true}'::jsonb),
  ('RS-CLINIC-0016', '17056030000112', 'CLINICA RS-CLINIC-0016', 'PE', true, true, '{"codigoClinica":"RS-CLINIC-0016","cnpj":"17056030000112","nome":"CLINICA RS-CLINIC-0016","uf":"PE","credenciada":true,"ativa":true}'::jsonb),
  ('RS-CLINIC-0017', '15649503000160', 'CLINICA RS-CLINIC-0017', 'PE', false, true, '{"codigoClinica":"RS-CLINIC-0017","cnpj":"15649503000160","nome":"CLINICA RS-CLINIC-0017","uf":"PE","credenciada":false,"ativa":true}'::jsonb),
  ('RS-CLINIC-0018', '98479172000194', 'CLINICA RS-CLINIC-0018', 'SE', true, true, '{"codigoClinica":"RS-CLINIC-0018","cnpj":"98479172000194","nome":"CLINICA RS-CLINIC-0018","uf":"SE","credenciada":true,"ativa":true}'::jsonb),
  ('RS-CLINIC-0019', '39330092000103', 'CLINICA RS-CLINIC-0019', 'PR', false, true, '{"codigoClinica":"RS-CLINIC-0019","cnpj":"39330092000103","nome":"CLINICA RS-CLINIC-0019","uf":"PR","credenciada":false,"ativa":true}'::jsonb),
  ('RS-CLINIC-0020', '38224219000147', 'CLINICA RS-CLINIC-0020', 'BA', true, true, '{"codigoClinica":"RS-CLINIC-0020","cnpj":"38224219000147","nome":"CLINICA RS-CLINIC-0020","uf":"BA","credenciada":true,"ativa":true}'::jsonb);

insert into renach.profissional (cpf, conselho, numero_conselho, uf, codigo_clinica, credenciado, ativo, payload) values
  ('89177194659', 'CRM', '24511', 'PR', 'RS-CLINIC-0001', true, true, '{"cpf":"89177194659","conselho":"CRM","uf":"PR","codigoClinica":"RS-CLINIC-0001","credenciado":true,"ativo":true}'::jsonb),
  ('53292046238', 'CRM', '04596', 'PE', 'RS-CLINIC-0017', true, true, '{"cpf":"53292046238","conselho":"CRM","uf":"PE","codigoClinica":"RS-CLINIC-0017","credenciado":true,"ativo":true}'::jsonb),
  ('76872111119', 'CRM', '57546', 'BA', 'RS-CLINIC-0020', true, true, '{"cpf":"76872111119","conselho":"CRM","uf":"BA","codigoClinica":"RS-CLINIC-0020","credenciado":true,"ativo":true}'::jsonb),
  ('65953955251', 'CRP', '07505', 'MA', 'RS-CLINIC-0014', true, true, '{"cpf":"65953955251","conselho":"CRP","uf":"MA","codigoClinica":"RS-CLINIC-0014","credenciado":true,"ativo":true}'::jsonb),
  ('04641537275', 'CRM', '42161', 'PE', 'RS-CLINIC-0016', false, true, '{"cpf":"04641537275","conselho":"CRM","uf":"PE","codigoClinica":"RS-CLINIC-0016","credenciado":false,"ativo":true}'::jsonb),
  ('09091122820', 'CRP', '64858', 'PR', 'RS-CLINIC-0011', false, true, '{"cpf":"09091122820","conselho":"CRP","uf":"PR","codigoClinica":"RS-CLINIC-0011","credenciado":false,"ativo":true}'::jsonb),
  ('77448534157', 'CRM', '92499', 'PR', 'RS-CLINIC-0009', true, true, '{"cpf":"77448534157","conselho":"CRM","uf":"PR","codigoClinica":"RS-CLINIC-0009","credenciado":true,"ativo":true}'::jsonb),
  ('61664235434', 'CRP', '42297', 'MG', 'RS-CLINIC-0006', true, false, '{"cpf":"61664235434","conselho":"CRP","uf":"MG","codigoClinica":"RS-CLINIC-0006","credenciado":true,"ativo":false}'::jsonb),
  ('27579275236', 'CRP', '33520', 'SE', 'RS-CLINIC-0003', true, true, '{"cpf":"27579275236","conselho":"CRP","uf":"SE","codigoClinica":"RS-CLINIC-0003","credenciado":true,"ativo":true}'::jsonb),
  ('36129173741', 'CRP', '75760', 'PA', 'RS-CLINIC-0012', true, true, '{"cpf":"36129173741","conselho":"CRP","uf":"PA","codigoClinica":"RS-CLINIC-0012","credenciado":true,"ativo":true}'::jsonb),
  ('91134671318', 'CRM', '47214', 'SP', 'RS-CLINIC-0004', true, true, '{"cpf":"91134671318","conselho":"CRM","uf":"SP","codigoClinica":"RS-CLINIC-0004","credenciado":true,"ativo":true}'::jsonb),
  ('73983843000', 'CRP', '12326', 'MG', 'RS-CLINIC-0006', true, true, '{"cpf":"73983843000","conselho":"CRP","uf":"MG","codigoClinica":"RS-CLINIC-0006","credenciado":true,"ativo":true}'::jsonb),
  ('44291883439', 'CRM', '90867', 'PR', 'RS-CLINIC-0019', false, true, '{"cpf":"44291883439","conselho":"CRM","uf":"PR","codigoClinica":"RS-CLINIC-0019","credenciado":false,"ativo":true}'::jsonb),
  ('57965625687', 'CRP', '10590', 'PE', 'RS-CLINIC-0016', true, true, '{"cpf":"57965625687","conselho":"CRP","uf":"PE","codigoClinica":"RS-CLINIC-0016","credenciado":true,"ativo":true}'::jsonb),
  ('51623592976', 'CRP', '51887', 'PR', 'RS-CLINIC-0011', false, true, '{"cpf":"51623592976","conselho":"CRP","uf":"PR","codigoClinica":"RS-CLINIC-0011","credenciado":false,"ativo":true}'::jsonb),
  ('49655834506', 'CRM', '57491', 'AL', 'RS-CLINIC-0002', true, true, '{"cpf":"49655834506","conselho":"CRM","uf":"AL","codigoClinica":"RS-CLINIC-0002","credenciado":true,"ativo":true}'::jsonb),
  ('93413284037', 'CRP', '30092', 'MA', 'RS-CLINIC-0014', true, true, '{"cpf":"93413284037","conselho":"CRP","uf":"MA","codigoClinica":"RS-CLINIC-0014","credenciado":true,"ativo":true}'::jsonb),
  ('05785439662', 'CRM', '33611', 'SE', 'RS-CLINIC-0003', false, true, '{"cpf":"05785439662","conselho":"CRM","uf":"SE","codigoClinica":"RS-CLINIC-0003","credenciado":false,"ativo":true}'::jsonb),
  ('93212197730', 'CRP', '11069', 'PE', 'RS-CLINIC-0017', true, true, '{"cpf":"93212197730","conselho":"CRP","uf":"PE","codigoClinica":"RS-CLINIC-0017","credenciado":true,"ativo":true}'::jsonb),
  ('21610779614', 'CRP', '04931', 'MG', 'RS-CLINIC-0006', true, true, '{"cpf":"21610779614","conselho":"CRP","uf":"MG","codigoClinica":"RS-CLINIC-0006","credenciado":true,"ativo":true}'::jsonb),
  ('28629556129', 'CRP', '23795', 'PR', 'RS-CLINIC-0009', true, true, '{"cpf":"28629556129","conselho":"CRP","uf":"PR","codigoClinica":"RS-CLINIC-0009","credenciado":true,"ativo":true}'::jsonb),
  ('61297559290', 'CRP', '98594', 'DF', 'RS-CLINIC-0005', true, true, '{"cpf":"61297559290","conselho":"CRP","uf":"DF","codigoClinica":"RS-CLINIC-0005","credenciado":true,"ativo":true}'::jsonb),
  ('06118604657', 'CRM', '79952', 'PR', 'RS-CLINIC-0011', true, true, '{"cpf":"06118604657","conselho":"CRM","uf":"PR","codigoClinica":"RS-CLINIC-0011","credenciado":true,"ativo":true}'::jsonb),
  ('37542226355', 'CRP', '00731', 'PR', 'RS-CLINIC-0019', true, true, '{"cpf":"37542226355","conselho":"CRP","uf":"PR","codigoClinica":"RS-CLINIC-0019","credenciado":true,"ativo":true}'::jsonb),
  ('06759828399', 'CRP', '78909', 'RJ', 'RS-CLINIC-0008', true, true, '{"cpf":"06759828399","conselho":"CRP","uf":"RJ","codigoClinica":"RS-CLINIC-0008","credenciado":true,"ativo":true}'::jsonb),
  ('41947845969', 'CRM', '88042', 'PI', 'RS-CLINIC-0015', true, true, '{"cpf":"41947845969","conselho":"CRM","uf":"PI","codigoClinica":"RS-CLINIC-0015","credenciado":true,"ativo":true}'::jsonb),
  ('53803161070', 'CRM', '32841', 'PE', 'RS-CLINIC-0016', true, true, '{"cpf":"53803161070","conselho":"CRM","uf":"PE","codigoClinica":"RS-CLINIC-0016","credenciado":true,"ativo":true}'::jsonb),
  ('98818673041', 'CRM', '43498', 'DF', 'RS-CLINIC-0013', true, true, '{"cpf":"98818673041","conselho":"CRM","uf":"DF","codigoClinica":"RS-CLINIC-0013","credenciado":true,"ativo":true}'::jsonb),
  ('39608272610', 'CRM', '33018', 'AP', 'RS-CLINIC-0010', true, true, '{"cpf":"39608272610","conselho":"CRM","uf":"AP","codigoClinica":"RS-CLINIC-0010","credenciado":true,"ativo":true}'::jsonb),
  ('38034766232', 'CRP', '61004', 'SP', 'RS-CLINIC-0004', true, true, '{"cpf":"38034766232","conselho":"CRP","uf":"SP","codigoClinica":"RS-CLINIC-0004","credenciado":true,"ativo":true}'::jsonb),
  ('16007703207', 'CRP', '31240', 'SE', 'RS-CLINIC-0018', true, false, '{"cpf":"16007703207","conselho":"CRP","uf":"SE","codigoClinica":"RS-CLINIC-0018","credenciado":true,"ativo":false}'::jsonb),
  ('59923364003', 'CRM', '46910', 'DF', 'RS-CLINIC-0005', true, true, '{"cpf":"59923364003","conselho":"CRM","uf":"DF","codigoClinica":"RS-CLINIC-0005","credenciado":true,"ativo":true}'::jsonb),
  ('47062630500', 'CRM', '06547', 'SE', 'RS-CLINIC-0003', true, true, '{"cpf":"47062630500","conselho":"CRM","uf":"SE","codigoClinica":"RS-CLINIC-0003","credenciado":true,"ativo":true}'::jsonb),
  ('42485377960', 'CRM', '92504', 'SE', 'RS-CLINIC-0018', false, true, '{"cpf":"42485377960","conselho":"CRM","uf":"SE","codigoClinica":"RS-CLINIC-0018","credenciado":false,"ativo":true}'::jsonb),
  ('09703593739', 'CRP', '61949', 'PI', 'RS-CLINIC-0015', true, true, '{"cpf":"09703593739","conselho":"CRP","uf":"PI","codigoClinica":"RS-CLINIC-0015","credenciado":true,"ativo":true}'::jsonb),
  ('56979084070', 'CRM', '06672', 'SP', 'RS-CLINIC-0004', true, true, '{"cpf":"56979084070","conselho":"CRM","uf":"SP","codigoClinica":"RS-CLINIC-0004","credenciado":true,"ativo":true}'::jsonb),
  ('20211460818', 'CRP', '86051', 'DF', 'RS-CLINIC-0005', true, true, '{"cpf":"20211460818","conselho":"CRP","uf":"DF","codigoClinica":"RS-CLINIC-0005","credenciado":true,"ativo":true}'::jsonb),
  ('85391314801', 'CRM', '72727', 'PE', 'RS-CLINIC-0016', true, false, '{"cpf":"85391314801","conselho":"CRM","uf":"PE","codigoClinica":"RS-CLINIC-0016","credenciado":true,"ativo":false}'::jsonb),
  ('10915415666', 'CRM', '05856', 'PR', 'RS-CLINIC-0019', true, true, '{"cpf":"10915415666","conselho":"CRM","uf":"PR","codigoClinica":"RS-CLINIC-0019","credenciado":true,"ativo":true}'::jsonb),
  ('05633735129', 'CRP', '05901', 'SP', 'RS-CLINIC-0004', true, true, '{"cpf":"05633735129","conselho":"CRP","uf":"SP","codigoClinica":"RS-CLINIC-0004","credenciado":true,"ativo":true}'::jsonb);

insert into renach.processo (numero_renach, cpf, tipo_processo, situacao, categoria_atual, categoria_pretendida, payload) values
  ('RS123456789', '52998224725', 'RENOVACAO', 'AGUARDANDO_MEDICO', 'B', 'B', '{"numeroRenach":"RS123456789","cpf":"52998224725","tipoProcesso":"RENOVACAO","situacao":"AGUARDANDO_MEDICO","categoriaAtual":"B","categoriaPretendida":"B"}'::jsonb),
  ('RN873512765', '12371544990', 'ADICAO_CATEGORIA', 'REJEITADO', 'B', 'B', '{"numeroRenach":"RN873512765","cpf":"12371544990","tipoProcesso":"ADICAO_CATEGORIA","situacao":"REJEITADO","categoriaAtual":"B","categoriaPretendida":"B"}'::jsonb),
  ('RN921164245', '52998224725', 'PRIMEIRA_HABILITACAO', 'REJEITADO', 'B', 'B', '{"numeroRenach":"RN921164245","cpf":"52998224725","tipoProcesso":"PRIMEIRA_HABILITACAO","situacao":"REJEITADO","categoriaAtual":"B","categoriaPretendida":"B"}'::jsonb),
  ('RN070078427', '57371678796', 'ADICAO_CATEGORIA', 'ABERTO', 'B', 'B', '{"numeroRenach":"RN070078427","cpf":"57371678796","tipoProcesso":"ADICAO_CATEGORIA","situacao":"ABERTO","categoriaAtual":"B","categoriaPretendida":"B"}'::jsonb),
  ('RN988428918', '60163715483', 'PRIMEIRA_HABILITACAO', 'REJEITADO', 'B', 'B', '{"numeroRenach":"RN988428918","cpf":"60163715483","tipoProcesso":"PRIMEIRA_HABILITACAO","situacao":"REJEITADO","categoriaAtual":"B","categoriaPretendida":"B"}'::jsonb),
  ('RN178431654', '92278694502', 'MUDANCA_CATEGORIA', 'AGENDADO', 'B', 'B', '{"numeroRenach":"RN178431654","cpf":"92278694502","tipoProcesso":"MUDANCA_CATEGORIA","situacao":"AGENDADO","categoriaAtual":"B","categoriaPretendida":"B"}'::jsonb),
  ('RN027039764', '32623442819', 'RENOVACAO', 'EXAME_REGISTRADO', 'B', 'B', '{"numeroRenach":"RN027039764","cpf":"32623442819","tipoProcesso":"RENOVACAO","situacao":"EXAME_REGISTRADO","categoriaAtual":"B","categoriaPretendida":"B"}'::jsonb),
  ('RN097782665', '86110975303', 'MUDANCA_CATEGORIA', 'ABERTO', 'B', 'B', '{"numeroRenach":"RN097782665","cpf":"86110975303","tipoProcesso":"MUDANCA_CATEGORIA","situacao":"ABERTO","categoriaAtual":"B","categoriaPretendida":"B"}'::jsonb),
  ('RN715051398', '13031498852', 'PRIMEIRA_HABILITACAO', 'AGENDADO', 'B', 'B', '{"numeroRenach":"RN715051398","cpf":"13031498852","tipoProcesso":"PRIMEIRA_HABILITACAO","situacao":"AGENDADO","categoriaAtual":"B","categoriaPretendida":"B"}'::jsonb),
  ('RN402733875', '21232183326', 'RENOVACAO', 'REJEITADO', 'B', 'B', '{"numeroRenach":"RN402733875","cpf":"21232183326","tipoProcesso":"RENOVACAO","situacao":"REJEITADO","categoriaAtual":"B","categoriaPretendida":"B"}'::jsonb),
  ('RN639670375', '20329909894', 'MUDANCA_CATEGORIA', 'REJEITADO', 'B', 'B', '{"numeroRenach":"RN639670375","cpf":"20329909894","tipoProcesso":"MUDANCA_CATEGORIA","situacao":"REJEITADO","categoriaAtual":"B","categoriaPretendida":"B"}'::jsonb),
  ('RN656816705', '74148566310', 'PRIMEIRA_HABILITACAO', 'ABERTO', 'B', 'B', '{"numeroRenach":"RN656816705","cpf":"74148566310","tipoProcesso":"PRIMEIRA_HABILITACAO","situacao":"ABERTO","categoriaAtual":"B","categoriaPretendida":"B"}'::jsonb),
  ('RN313242597', '25582324526', 'MUDANCA_CATEGORIA', 'ABERTO', 'B', 'B', '{"numeroRenach":"RN313242597","cpf":"25582324526","tipoProcesso":"MUDANCA_CATEGORIA","situacao":"ABERTO","categoriaAtual":"B","categoriaPretendida":"B"}'::jsonb),
  ('RN116127825', '07126603991', 'PRIMEIRA_HABILITACAO', 'APROVADO', 'B', 'B', '{"numeroRenach":"RN116127825","cpf":"07126603991","tipoProcesso":"PRIMEIRA_HABILITACAO","situacao":"APROVADO","categoriaAtual":"B","categoriaPretendida":"B"}'::jsonb),
  ('RN186554253', '73921275431', 'RENOVACAO', 'AGENDADO', 'B', 'B', '{"numeroRenach":"RN186554253","cpf":"73921275431","tipoProcesso":"RENOVACAO","situacao":"AGENDADO","categoriaAtual":"B","categoriaPretendida":"B"}'::jsonb),
  ('RN002442188', '68803398678', 'RENOVACAO', 'REJEITADO', 'B', 'B', '{"numeroRenach":"RN002442188","cpf":"68803398678","tipoProcesso":"RENOVACAO","situacao":"REJEITADO","categoriaAtual":"B","categoriaPretendida":"B"}'::jsonb),
  ('RN408919208', '04944361661', 'MUDANCA_CATEGORIA', 'AGENDADO', 'B', 'B', '{"numeroRenach":"RN408919208","cpf":"04944361661","tipoProcesso":"MUDANCA_CATEGORIA","situacao":"AGENDADO","categoriaAtual":"B","categoriaPretendida":"B"}'::jsonb),
  ('RN818429555', '57371678796', 'PRIMEIRA_HABILITACAO', 'AGUARDANDO_MEDICO', 'B', 'B', '{"numeroRenach":"RN818429555","cpf":"57371678796","tipoProcesso":"PRIMEIRA_HABILITACAO","situacao":"AGUARDANDO_MEDICO","categoriaAtual":"B","categoriaPretendida":"B"}'::jsonb),
  ('RN841956420', '20329909894', 'PRIMEIRA_HABILITACAO', 'AGENDADO', 'B', 'B', '{"numeroRenach":"RN841956420","cpf":"20329909894","tipoProcesso":"PRIMEIRA_HABILITACAO","situacao":"AGENDADO","categoriaAtual":"B","categoriaPretendida":"B"}'::jsonb),
  ('RN852213049', '81108564895', 'ADICAO_CATEGORIA', 'APROVADO', 'B', 'B', '{"numeroRenach":"RN852213049","cpf":"81108564895","tipoProcesso":"ADICAO_CATEGORIA","situacao":"APROVADO","categoriaAtual":"B","categoriaPretendida":"B"}'::jsonb),
  ('RN532276799', '29564397901', 'ADICAO_CATEGORIA', 'APROVADO', 'B', 'B', '{"numeroRenach":"RN532276799","cpf":"29564397901","tipoProcesso":"ADICAO_CATEGORIA","situacao":"APROVADO","categoriaAtual":"B","categoriaPretendida":"B"}'::jsonb),
  ('RN796477645', '88234209701', 'ADICAO_CATEGORIA', 'ABERTO', 'B', 'B', '{"numeroRenach":"RN796477645","cpf":"88234209701","tipoProcesso":"ADICAO_CATEGORIA","situacao":"ABERTO","categoriaAtual":"B","categoriaPretendida":"B"}'::jsonb),
  ('RN725210925', '84004653347', 'RENOVACAO', 'EXAME_REGISTRADO', 'B', 'B', '{"numeroRenach":"RN725210925","cpf":"84004653347","tipoProcesso":"RENOVACAO","situacao":"EXAME_REGISTRADO","categoriaAtual":"B","categoriaPretendida":"B"}'::jsonb),
  ('RN547954073', '78092884749', 'MUDANCA_CATEGORIA', 'ABERTO', 'B', 'B', '{"numeroRenach":"RN547954073","cpf":"78092884749","tipoProcesso":"MUDANCA_CATEGORIA","situacao":"ABERTO","categoriaAtual":"B","categoriaPretendida":"B"}'::jsonb),
  ('RN286775720', '04665244200', 'RENOVACAO', 'ABERTO', 'B', 'B', '{"numeroRenach":"RN286775720","cpf":"04665244200","tipoProcesso":"RENOVACAO","situacao":"ABERTO","categoriaAtual":"B","categoriaPretendida":"B"}'::jsonb),
  ('RN070789476', '00181782600', 'ADICAO_CATEGORIA', 'AGENDADO', 'B', 'B', '{"numeroRenach":"RN070789476","cpf":"00181782600","tipoProcesso":"ADICAO_CATEGORIA","situacao":"AGENDADO","categoriaAtual":"B","categoriaPretendida":"B"}'::jsonb),
  ('RN961693993', '80140942122', 'ADICAO_CATEGORIA', 'AGENDADO', 'B', 'B', '{"numeroRenach":"RN961693993","cpf":"80140942122","tipoProcesso":"ADICAO_CATEGORIA","situacao":"AGENDADO","categoriaAtual":"B","categoriaPretendida":"B"}'::jsonb),
  ('RN922517807', '32623442819', 'PRIMEIRA_HABILITACAO', 'ABERTO', 'B', 'B', '{"numeroRenach":"RN922517807","cpf":"32623442819","tipoProcesso":"PRIMEIRA_HABILITACAO","situacao":"ABERTO","categoriaAtual":"B","categoriaPretendida":"B"}'::jsonb),
  ('RN367833457', '56567921617', 'ADICAO_CATEGORIA', 'AGUARDANDO_MEDICO', 'B', 'B', '{"numeroRenach":"RN367833457","cpf":"56567921617","tipoProcesso":"ADICAO_CATEGORIA","situacao":"AGUARDANDO_MEDICO","categoriaAtual":"B","categoriaPretendida":"B"}'::jsonb),
  ('RN056024950', '28046683124', 'PRIMEIRA_HABILITACAO', 'ABERTO', 'B', 'B', '{"numeroRenach":"RN056024950","cpf":"28046683124","tipoProcesso":"PRIMEIRA_HABILITACAO","situacao":"ABERTO","categoriaAtual":"B","categoriaPretendida":"B"}'::jsonb),
  ('RN358828376', '78092884749', 'RENOVACAO', 'APROVADO', 'B', 'B', '{"numeroRenach":"RN358828376","cpf":"78092884749","tipoProcesso":"RENOVACAO","situacao":"APROVADO","categoriaAtual":"B","categoriaPretendida":"B"}'::jsonb),
  ('RN822109632', '02442847256', 'RENOVACAO', 'REJEITADO', 'B', 'B', '{"numeroRenach":"RN822109632","cpf":"02442847256","tipoProcesso":"RENOVACAO","situacao":"REJEITADO","categoriaAtual":"B","categoriaPretendida":"B"}'::jsonb),
  ('RN382020767', '83258842744', 'RENOVACAO', 'AGENDADO', 'B', 'B', '{"numeroRenach":"RN382020767","cpf":"83258842744","tipoProcesso":"RENOVACAO","situacao":"AGENDADO","categoriaAtual":"B","categoriaPretendida":"B"}'::jsonb),
  ('RN966924833', '29538708300', 'ADICAO_CATEGORIA', 'ABERTO', 'B', 'B', '{"numeroRenach":"RN966924833","cpf":"29538708300","tipoProcesso":"ADICAO_CATEGORIA","situacao":"ABERTO","categoriaAtual":"B","categoriaPretendida":"B"}'::jsonb),
  ('RN661692336', '16434357362', 'PRIMEIRA_HABILITACAO', 'REJEITADO', 'B', 'B', '{"numeroRenach":"RN661692336","cpf":"16434357362","tipoProcesso":"PRIMEIRA_HABILITACAO","situacao":"REJEITADO","categoriaAtual":"B","categoriaPretendida":"B"}'::jsonb),
  ('RN024154750', '22184400750', 'PRIMEIRA_HABILITACAO', 'AGENDADO', 'B', 'B', '{"numeroRenach":"RN024154750","cpf":"22184400750","tipoProcesso":"PRIMEIRA_HABILITACAO","situacao":"AGENDADO","categoriaAtual":"B","categoriaPretendida":"B"}'::jsonb),
  ('RN186360616', '95529623239', 'PRIMEIRA_HABILITACAO', 'AGENDADO', 'B', 'B', '{"numeroRenach":"RN186360616","cpf":"95529623239","tipoProcesso":"PRIMEIRA_HABILITACAO","situacao":"AGENDADO","categoriaAtual":"B","categoriaPretendida":"B"}'::jsonb),
  ('RN456570690', '76999331090', 'ADICAO_CATEGORIA', 'REJEITADO', 'B', 'B', '{"numeroRenach":"RN456570690","cpf":"76999331090","tipoProcesso":"ADICAO_CATEGORIA","situacao":"REJEITADO","categoriaAtual":"B","categoriaPretendida":"B"}'::jsonb),
  ('RN208144304', '07126603991', 'MUDANCA_CATEGORIA', 'APROVADO', 'B', 'B', '{"numeroRenach":"RN208144304","cpf":"07126603991","tipoProcesso":"MUDANCA_CATEGORIA","situacao":"APROVADO","categoriaAtual":"B","categoriaPretendida":"B"}'::jsonb),
  ('RN299029810', '00181782600', 'ADICAO_CATEGORIA', 'EXAME_REGISTRADO', 'B', 'B', '{"numeroRenach":"RN299029810","cpf":"00181782600","tipoProcesso":"ADICAO_CATEGORIA","situacao":"EXAME_REGISTRADO","categoriaAtual":"B","categoriaPretendida":"B"}'::jsonb),
  ('RN496758292', '25291389230', 'RENOVACAO', 'EXAME_REGISTRADO', 'B', 'B', '{"numeroRenach":"RN496758292","cpf":"25291389230","tipoProcesso":"RENOVACAO","situacao":"EXAME_REGISTRADO","categoriaAtual":"B","categoriaPretendida":"B"}'::jsonb);

