-- SENATRAN mock seed — RENAINF (generated).
insert into renainf.dispositivo (id_dispositivo, codigo_orgao_autuador, homologado, ativo, payload) values
  ('DEV-0001', '150070', true, true, '{"idDispositivo":"DEV-0001","codigoOrgaoAutuador":"150070","homologado":true,"ativo":true}'::jsonb),
  ('DEV-0002', '150070', true, true, '{"idDispositivo":"DEV-0002","codigoOrgaoAutuador":"150070","homologado":true,"ativo":true}'::jsonb),
  ('DEV-0003', '204020', true, true, '{"idDispositivo":"DEV-0003","codigoOrgaoAutuador":"204020","homologado":true,"ativo":true}'::jsonb),
  ('DEV-0004', '150070', false, true, '{"idDispositivo":"DEV-0004","codigoOrgaoAutuador":"150070","homologado":false,"ativo":true}'::jsonb),
  ('DEV-0005', '380090', true, true, '{"idDispositivo":"DEV-0005","codigoOrgaoAutuador":"380090","homologado":true,"ativo":true}'::jsonb),
  ('DEV-0006', '380090', true, true, '{"idDispositivo":"DEV-0006","codigoOrgaoAutuador":"380090","homologado":true,"ativo":true}'::jsonb),
  ('DEV-0007', '380090', true, true, '{"idDispositivo":"DEV-0007","codigoOrgaoAutuador":"380090","homologado":true,"ativo":true}'::jsonb),
  ('DEV-0008', '204020', true, true, '{"idDispositivo":"DEV-0008","codigoOrgaoAutuador":"204020","homologado":true,"ativo":true}'::jsonb),
  ('DEV-0009', '150070', true, true, '{"idDispositivo":"DEV-0009","codigoOrgaoAutuador":"150070","homologado":true,"ativo":true}'::jsonb),
  ('DEV-0010', '380090', true, true, '{"idDispositivo":"DEV-0010","codigoOrgaoAutuador":"380090","homologado":true,"ativo":true}'::jsonb),
  ('DEV-0011', '204020', true, true, '{"idDispositivo":"DEV-0011","codigoOrgaoAutuador":"204020","homologado":true,"ativo":true}'::jsonb),
  ('DEV-0012', '447010', true, true, '{"idDispositivo":"DEV-0012","codigoOrgaoAutuador":"447010","homologado":true,"ativo":true}'::jsonb),
  ('DEV-0013', '999999', true, false, '{"idDispositivo":"DEV-0013","codigoOrgaoAutuador":"999999","homologado":true,"ativo":false}'::jsonb),
  ('DEV-0014', '999999', true, true, '{"idDispositivo":"DEV-0014","codigoOrgaoAutuador":"999999","homologado":true,"ativo":true}'::jsonb),
  ('DEV-0015', '204020', true, true, '{"idDispositivo":"DEV-0015","codigoOrgaoAutuador":"204020","homologado":true,"ativo":true}'::jsonb);

insert into renainf.ait (id, numero_ait, codigo_orgao_autuador, situacao, placa, codigo_infracao, data_infracao, cpf_agente, id_dispositivo, payload) values
  ('6d96e1a6-9cf5-4c4d-a446-2bf087878b76', 'A0001001', '150070', 'AUTUACAO_ABERTA', 'EXD4A36', '70234', '2024-02-02T20:32:00.000Z', '09825057106', 'DEV-0008', '{"numeroAit":"A0001001","codigoOrgaoAutuador":"150070","placa":"EXD4A36","codigoInfracao":"70234","situacao":"NOTIFICADO_AUTUACAO"}'::jsonb),
  ('829fda28-7227-4cad-bc79-ff828252264e', 'A5085691', '150070', 'AUTUACAO_ABERTA', 'THN4291', '62053', '2025-09-10T16:44:00.000Z', '60712550747', 'DEV-0007', '{"numeroAit":"A5085691","codigoOrgaoAutuador":"150070","placa":"THN4291","codigoInfracao":"62053","situacao":"RECURSO_JARI_APRESENTADO"}'::jsonb),
  ('a623cc57-7905-4a18-a13b-478bffa39879', 'A8545202', '447010', 'AUTUACAO_ABERTA', 'XGD4C51', '50807', '2025-04-09T09:33:00.000Z', '73412396117', 'DEV-0011', '{"numeroAit":"A8545202","codigoOrgaoAutuador":"447010","placa":"XGD4C51","codigoInfracao":"50807","situacao":"AGUARDANDO_DEFESA_PREVIA"}'::jsonb),
  ('e3fb82bb-3348-4ebc-a60d-eeb706364f46', 'A5156677', '999999', 'AUTUACAO_ABERTA', 'HSV5C14', '73895', '2024-02-24T02:36:00.000Z', '11604900407', 'DEV-0001', '{"numeroAit":"A5156677","codigoOrgaoAutuador":"999999","placa":"HSV5C14","codigoInfracao":"73895","situacao":"RECURSO_JARI_APRESENTADO"}'::jsonb),
  ('87558831-aeec-4460-8e66-f64f60421fae', 'A4279143', '447010', 'AUTUACAO_ABERTA', 'SRM3R56', '59252', '2024-03-03T13:13:00.000Z', '71231892994', 'DEV-0015', '{"numeroAit":"A4279143","codigoOrgaoAutuador":"447010","placa":"SRM3R56","codigoInfracao":"59252","situacao":"PENALIDADE_IMPOSTA"}'::jsonb),
  ('b981a698-d866-4005-aaf4-b42885d7e5f6', 'A3099081', '380090', 'AUTUACAO_ABERTA', 'XKT7S66', '61443', '2024-01-26T22:30:00.000Z', '00777657457', 'DEV-0015', '{"numeroAit":"A3099081","codigoOrgaoAutuador":"380090","placa":"XKT7S66","codigoInfracao":"61443","situacao":"PENALIDADE_IMPOSTA"}'::jsonb),
  ('7549fab0-c929-4d2a-a387-c5611eb8c2ca', 'A5857468', '204020', 'AUTUACAO_ABERTA', 'WMC3N55', '75307', '2024-06-08T09:35:00.000Z', '07261805807', 'DEV-0010', '{"numeroAit":"A5857468","codigoOrgaoAutuador":"204020","placa":"WMC3N55","codigoInfracao":"75307","situacao":"ARQUIVADO"}'::jsonb),
  ('be01f8f4-cace-471e-87e8-eefb594d4595', 'A2356255', '999999', 'AUTUACAO_ABERTA', 'BWT6X19', '64985', '2024-09-13T11:47:00.000Z', '88202158702', 'DEV-0005', '{"numeroAit":"A2356255","codigoOrgaoAutuador":"999999","placa":"BWT6X19","codigoInfracao":"64985","situacao":"ARQUIVADO"}'::jsonb),
  ('e039e4fc-494a-44c7-867c-7129f7747cea', 'A5871328', '204020', 'AUTUACAO_ABERTA', 'PYY9E31', '62015', '2025-12-26T09:26:00.000Z', '43609110848', 'DEV-0002', '{"numeroAit":"A5871328","codigoOrgaoAutuador":"204020","placa":"PYY9E31","codigoInfracao":"62015","situacao":"ARQUIVADO"}'::jsonb),
  ('30cbd956-841f-421a-b1f4-49c1b96876b8', 'A2442284', '150070', 'AUTUACAO_ABERTA', 'CZS1581', '76203', '2024-10-04T22:32:00.000Z', '71732750165', 'DEV-0007', '{"numeroAit":"A2442284","codigoOrgaoAutuador":"150070","placa":"CZS1581","codigoInfracao":"76203","situacao":"PENALIDADE_IMPOSTA"}'::jsonb),
  ('89b1f039-877e-4bd4-9b89-8eca77d1bbbc', 'A9206701', '447010', 'VALIDADO', 'JFJ3200', '77850', '2024-02-26T13:19:00.000Z', '60883257122', 'DEV-0015', '{"numeroAit":"A9206701","codigoOrgaoAutuador":"447010","placa":"JFJ3200","codigoInfracao":"77850","situacao":"AUTUACAO_ABERTA"}'::jsonb),
  ('2946f594-38d9-4810-8fb6-ebf3aaf8b5fd', 'A7519296', '380090', 'VALIDADO', 'JAN2P47', '66151', '2024-08-12T10:24:00.000Z', '58458404141', 'DEV-0013', '{"numeroAit":"A7519296","codigoOrgaoAutuador":"380090","placa":"JAN2P47","codigoInfracao":"66151","situacao":"AUTUACAO_ABERTA"}'::jsonb),
  ('70d173ca-1486-4cd4-ba84-a5eb25ce0d01', 'A9023217', '447010', 'AUTUACAO_ABERTA', 'YXD0141', '55837', '2025-09-23T05:44:00.000Z', '52153558867', 'DEV-0010', '{"numeroAit":"A9023217","codigoOrgaoAutuador":"447010","placa":"YXD0141","codigoInfracao":"55837","situacao":"PENALIDADE_IMPOSTA"}'::jsonb),
  ('6a16ef3e-42de-40c7-97aa-655d23228194', 'A6709133', '447010', 'VALIDADO', 'XFM9E78', '74517', '2025-07-15T03:03:00.000Z', '72441447416', 'DEV-0013', '{"numeroAit":"A6709133","codigoOrgaoAutuador":"447010","placa":"XFM9E78","codigoInfracao":"74517","situacao":"AUTUACAO_ABERTA"}'::jsonb),
  ('a96e5597-3c02-4914-a436-bde83720e403', 'A5995173', '380090', 'AUTUACAO_ABERTA', 'VZX3G85', '72188', '2025-11-12T11:04:00.000Z', '97681044655', 'DEV-0009', '{"numeroAit":"A5995173","codigoOrgaoAutuador":"380090","placa":"VZX3G85","codigoInfracao":"72188","situacao":"RECURSO_JARI_APRESENTADO"}'::jsonb),
  ('52db8917-6c6c-4109-a938-8abfdc8a43b8', 'A3000835', '380090', 'AUTUACAO_ABERTA', 'ELJ8179', '68489', '2024-08-26T18:42:00.000Z', '97827179916', 'DEV-0007', '{"numeroAit":"A3000835","codigoOrgaoAutuador":"380090","placa":"ELJ8179","codigoInfracao":"68489","situacao":"ARQUIVADO"}'::jsonb),
  ('02a2a32e-e57e-4348-be58-7855451bfeb1', 'A4171128', '447010', 'AUTUACAO_ABERTA', 'XNC3F44', '73593', '2025-08-25T16:17:00.000Z', '12207770800', 'DEV-0008', '{"numeroAit":"A4171128","codigoOrgaoAutuador":"447010","placa":"XNC3F44","codigoInfracao":"73593","situacao":"NOTIFICADO_AUTUACAO"}'::jsonb),
  ('14d80845-db95-406d-aa4a-bf53d64dd5d5', 'A1484785', '447010', 'AUTUACAO_ABERTA', 'LPZ1L28', '76939', '2024-01-18T09:21:00.000Z', '95259471733', 'DEV-0007', '{"numeroAit":"A1484785","codigoOrgaoAutuador":"447010","placa":"LPZ1L28","codigoInfracao":"76939","situacao":"ARQUIVADO"}'::jsonb),
  ('9ff9abe7-1330-4026-9f58-48907335ce4c', 'A8513705', '380090', 'AUTUACAO_ABERTA', 'REL6S71', '75339', '2025-01-24T12:41:00.000Z', '55862155198', 'DEV-0007', '{"numeroAit":"A8513705","codigoOrgaoAutuador":"380090","placa":"REL6S71","codigoInfracao":"75339","situacao":"PENALIDADE_IMPOSTA"}'::jsonb),
  ('926ce336-cd7b-415e-8927-ba222298803e', 'A4765742', '447010', 'AUTUACAO_ABERTA', 'ABC1234', '59675', '2025-12-16T15:34:00.000Z', '12833297602', 'DEV-0003', '{"numeroAit":"A4765742","codigoOrgaoAutuador":"447010","placa":"ABC1234","codigoInfracao":"59675","situacao":"AGUARDANDO_DEFESA_PREVIA"}'::jsonb),
  ('d7e23671-aba5-4500-b034-71de3c36116a', 'A6498350', '204020', 'AUTUACAO_ABERTA', 'WDY5E62', '57709', '2024-04-25T04:37:00.000Z', '36905552054', 'DEV-0009', '{"numeroAit":"A6498350","codigoOrgaoAutuador":"204020","placa":"WDY5E62","codigoInfracao":"57709","situacao":"PENALIDADE_IMPOSTA"}'::jsonb),
  ('168e296d-9928-4849-b9f4-39cadc7e24ea', 'A7109553', '150070', 'AUTUACAO_ABERTA', 'GWH1Z85', '52985', '2024-07-16T12:47:00.000Z', '05057736787', 'DEV-0015', '{"numeroAit":"A7109553","codigoOrgaoAutuador":"150070","placa":"GWH1Z85","codigoInfracao":"52985","situacao":"AGUARDANDO_DEFESA_PREVIA"}'::jsonb),
  ('7af1a831-24df-4aa8-8451-072734829f28', 'A6301246', '150070', 'AUTUACAO_ABERTA', 'RDA2G03', '54608', '2025-10-27T20:05:00.000Z', '64291668058', 'DEV-0009', '{"numeroAit":"A6301246","codigoOrgaoAutuador":"150070","placa":"RDA2G03","codigoInfracao":"54608","situacao":"NOTIFICADO_AUTUACAO"}'::jsonb),
  ('930ecee8-9bee-435f-902a-deb5fa9b0c85', 'A7769273', '380090', 'AUTUACAO_ABERTA', 'DBL7W09', '61109', '2024-03-16T01:07:00.000Z', '37660197240', 'DEV-0003', '{"numeroAit":"A7769273","codigoOrgaoAutuador":"380090","placa":"DBL7W09","codigoInfracao":"61109","situacao":"AGUARDANDO_DEFESA_PREVIA"}'::jsonb),
  ('e228bc77-d854-4d48-b8b8-389f717347b6', 'A4397442', '380090', 'AUTUACAO_ABERTA', 'YXD0141', '69298', '2025-03-20T21:51:00.000Z', '08027457092', 'DEV-0006', '{"numeroAit":"A4397442","codigoOrgaoAutuador":"380090","placa":"YXD0141","codigoInfracao":"69298","situacao":"ARQUIVADO"}'::jsonb),
  ('a2854c6d-cb93-498f-8984-9654ea6f2d6d', 'A3587899', '204020', 'VALIDADO', 'NUG6C46', '57214', '2024-11-02T16:11:00.000Z', '57283006699', 'DEV-0011', '{"numeroAit":"A3587899","codigoOrgaoAutuador":"204020","placa":"NUG6C46","codigoInfracao":"57214","situacao":"AUTUACAO_ABERTA"}'::jsonb),
  ('00fbc38b-3056-4616-a5ad-aed06840f1b3', 'A3769314', '380090', 'AUTUACAO_ABERTA', 'STS4504', '79723', '2024-07-22T21:30:00.000Z', '44859421396', 'DEV-0001', '{"numeroAit":"A3769314","codigoOrgaoAutuador":"380090","placa":"STS4504","codigoInfracao":"79723","situacao":"AGUARDANDO_DEFESA_PREVIA"}'::jsonb),
  ('1df60589-3b2e-406a-a3f6-5234d0ba15b9', 'A9933499', '999999', 'AUTUACAO_ABERTA', 'BRH9785', '68902', '2025-11-26T01:04:00.000Z', '27012987170', 'DEV-0008', '{"numeroAit":"A9933499","codigoOrgaoAutuador":"999999","placa":"BRH9785","codigoInfracao":"68902","situacao":"RECURSO_JARI_APRESENTADO"}'::jsonb),
  ('19b700b0-5738-482e-a284-4ed39edd7423', 'A8394469', '999999', 'AUTUACAO_ABERTA', 'REL6S71', '55093', '2025-04-20T23:20:00.000Z', '50435039121', 'DEV-0004', '{"numeroAit":"A8394469","codigoOrgaoAutuador":"999999","placa":"REL6S71","codigoInfracao":"55093","situacao":"NOTIFICADO_AUTUACAO"}'::jsonb),
  ('753537ae-4c5d-43ed-80c4-3a646d6246b9', 'A5736037', '380090', 'VALIDADO', 'BSS4H16', '71506', '2024-05-17T21:39:00.000Z', '48546488053', 'DEV-0009', '{"numeroAit":"A5736037","codigoOrgaoAutuador":"380090","placa":"BSS4H16","codigoInfracao":"71506","situacao":"AUTUACAO_ABERTA"}'::jsonb),
  ('bf7181cf-5141-49a8-9691-db700b5ac4e6', 'A2420055', '447010', 'AUTUACAO_ABERTA', 'XFM9E78', '61290', '2025-08-27T08:25:00.000Z', '35665323632', 'DEV-0007', '{"numeroAit":"A2420055","codigoOrgaoAutuador":"447010","placa":"XFM9E78","codigoInfracao":"61290","situacao":"NOTIFICADO_AUTUACAO"}'::jsonb),
  ('a39165bf-0666-42a2-8f6e-9bca162270c7', 'A5497890', '447010', 'VALIDADO', 'JDY7Z52', '74015', '2025-09-26T13:26:00.000Z', '08748145459', 'DEV-0009', '{"numeroAit":"A5497890","codigoOrgaoAutuador":"447010","placa":"JDY7Z52","codigoInfracao":"74015","situacao":"AUTUACAO_ABERTA"}'::jsonb),
  ('d0c828d6-97ad-4c6b-a2dc-4c8f8a12f426', 'A1459157', '380090', 'AUTUACAO_ABERTA', 'ABC1D23', '68004', '2025-06-15T11:29:00.000Z', '89207315190', 'DEV-0011', '{"numeroAit":"A1459157","codigoOrgaoAutuador":"380090","placa":"ABC1D23","codigoInfracao":"68004","situacao":"NOTIFICADO_AUTUACAO"}'::jsonb),
  ('4be46d07-95c4-4a86-aef8-3b89f2b8c16f', 'A8548427', '150070', 'AUTUACAO_ABERTA', 'JAN2P47', '55428', '2024-07-25T08:07:00.000Z', '15979052836', 'DEV-0009', '{"numeroAit":"A8548427","codigoOrgaoAutuador":"150070","placa":"JAN2P47","codigoInfracao":"55428","situacao":"NOTIFICADO_AUTUACAO"}'::jsonb),
  ('ce31cd1d-2080-4eed-8cb0-bb356773f8cd', 'A6494898', '150070', 'VALIDADO', 'LAW6S49', '71395', '2024-05-11T00:28:00.000Z', '28988323408', 'DEV-0002', '{"numeroAit":"A6494898","codigoOrgaoAutuador":"150070","placa":"LAW6S49","codigoInfracao":"71395","situacao":"AUTUACAO_ABERTA"}'::jsonb),
  ('42a3a341-88ba-44d0-80fe-66772325ce9c', 'A0645305', '999999', 'AUTUACAO_ABERTA', 'ARF5H02', '53871', '2024-10-08T18:49:00.000Z', '27557132670', 'DEV-0003', '{"numeroAit":"A0645305","codigoOrgaoAutuador":"999999","placa":"ARF5H02","codigoInfracao":"53871","situacao":"ARQUIVADO"}'::jsonb),
  ('8ce123e7-013e-4eda-819c-7105752cdf63', 'A7342886', '447010', 'AUTUACAO_ABERTA', 'VEX1680', '69049', '2025-06-11T11:29:00.000Z', '86592414952', 'DEV-0005', '{"numeroAit":"A7342886","codigoOrgaoAutuador":"447010","placa":"VEX1680","codigoInfracao":"69049","situacao":"ARQUIVADO"}'::jsonb),
  ('715049bb-ff5f-4903-8fa3-1a400a18f131', 'A2957112', '447010', 'AUTUACAO_ABERTA', 'PYY9E31', '64889', '2025-05-18T00:28:00.000Z', '43285959894', 'DEV-0012', '{"numeroAit":"A2957112","codigoOrgaoAutuador":"447010","placa":"PYY9E31","codigoInfracao":"64889","situacao":"AGUARDANDO_DEFESA_PREVIA"}'::jsonb),
  ('e1e4cc3f-c17b-4eef-a7d5-0463a112f4e4', 'A7079018', '380090', 'VALIDADO', 'JMZ0X89', '79696', '2024-05-01T13:22:00.000Z', '59003943443', 'DEV-0003', '{"numeroAit":"A7079018","codigoOrgaoAutuador":"380090","placa":"JMZ0X89","codigoInfracao":"79696","situacao":"AUTUACAO_ABERTA"}'::jsonb),
  ('50889260-084c-468c-9113-d9edac9117da', 'A8016542', '380090', 'AUTUACAO_ABERTA', 'RJZ3X49', '71505', '2025-02-02T03:31:00.000Z', '92581904836', 'DEV-0006', '{"numeroAit":"A8016542","codigoOrgaoAutuador":"380090","placa":"RJZ3X49","codigoInfracao":"71505","situacao":"PENALIDADE_IMPOSTA"}'::jsonb),
  ('cb6df2b9-39d5-4134-b2ad-c3d4b807211e', 'A8132053', '999999', 'AUTUACAO_ABERTA', 'HJU1X88', '58784', '2025-08-04T00:45:00.000Z', '04580778871', 'DEV-0007', '{"numeroAit":"A8132053","codigoOrgaoAutuador":"999999","placa":"HJU1X88","codigoInfracao":"58784","situacao":"NOTIFICADO_AUTUACAO"}'::jsonb),
  ('64eef69d-9292-4ff5-a787-6e3bca64c92a', 'A8166615', '204020', 'VALIDADO', 'XRT1D59', '63530', '2024-09-13T16:17:00.000Z', '80450957179', 'DEV-0010', '{"numeroAit":"A8166615","codigoOrgaoAutuador":"204020","placa":"XRT1D59","codigoInfracao":"63530","situacao":"AUTUACAO_ABERTA"}'::jsonb),
  ('f2a4465a-2cbd-4cfd-92e4-1c1144a1ba96', 'A0600791', '447010', 'AUTUACAO_ABERTA', 'HJU1X88', '79631', '2024-02-14T20:03:00.000Z', '28853046937', 'DEV-0007', '{"numeroAit":"A0600791","codigoOrgaoAutuador":"447010","placa":"HJU1X88","codigoInfracao":"79631","situacao":"PENALIDADE_IMPOSTA"}'::jsonb),
  ('ba47ef30-a7d2-40e6-8294-87786dfb0c99', 'A5291697', '204020', 'AUTUACAO_ABERTA', 'XKT7S66', '75204', '2025-01-13T02:42:00.000Z', '35724965356', 'DEV-0001', '{"numeroAit":"A5291697","codigoOrgaoAutuador":"204020","placa":"XKT7S66","codigoInfracao":"75204","situacao":"ARQUIVADO"}'::jsonb),
  ('cf01c47c-96c1-4527-836e-1c0df1441c40', 'A4538633', '150070', 'VALIDADO', 'RDA2G03', '66893', '2024-06-07T22:20:00.000Z', '44673442172', 'DEV-0004', '{"numeroAit":"A4538633","codigoOrgaoAutuador":"150070","placa":"RDA2G03","codigoInfracao":"66893","situacao":"AUTUACAO_ABERTA"}'::jsonb),
  ('c206a604-e4c9-4741-91f0-3bef4ae4eea5', 'A7399509', '999999', 'VALIDADO', 'ZAB5U39', '54962', '2025-12-25T14:15:00.000Z', '32160223310', 'DEV-0015', '{"numeroAit":"A7399509","codigoOrgaoAutuador":"999999","placa":"ZAB5U39","codigoInfracao":"54962","situacao":"AUTUACAO_ABERTA"}'::jsonb),
  ('548f7800-c73f-454e-acbf-dd9f33b53eb3', 'A4779556', '204020', 'AUTUACAO_ABERTA', 'THN4291', '72616', '2025-08-24T08:09:00.000Z', '10696152428', 'DEV-0005', '{"numeroAit":"A4779556","codigoOrgaoAutuador":"204020","placa":"THN4291","codigoInfracao":"72616","situacao":"PENALIDADE_IMPOSTA"}'::jsonb),
  ('dae3d2d4-d074-4f12-a7bb-8091268cb9c4', 'A9671813', '447010', 'VALIDADO', 'KPV8T48', '51718', '2025-03-05T21:39:00.000Z', '20228392268', 'DEV-0008', '{"numeroAit":"A9671813","codigoOrgaoAutuador":"447010","placa":"KPV8T48","codigoInfracao":"51718","situacao":"AUTUACAO_ABERTA"}'::jsonb),
  ('dcbb8dff-5494-4b78-9547-000afa18a499', 'A9184974', '447010', 'VALIDADO', 'PYY9E31', '77560', '2024-11-24T23:35:00.000Z', '61955402183', 'DEV-0015', '{"numeroAit":"A9184974","codigoOrgaoAutuador":"447010","placa":"PYY9E31","codigoInfracao":"77560","situacao":"AUTUACAO_ABERTA"}'::jsonb),
  ('f54b12b6-d1cb-43c0-aff6-590ce2413442', 'A7915876', '447010', 'AUTUACAO_ABERTA', 'RDA2G03', '64539', '2024-09-19T19:15:00.000Z', '97760664966', 'DEV-0001', '{"numeroAit":"A7915876","codigoOrgaoAutuador":"447010","placa":"RDA2G03","codigoInfracao":"64539","situacao":"RECURSO_JARI_APRESENTADO"}'::jsonb),
  ('d27616d2-5b75-4d95-bacb-4f558ff82aeb', 'A6105753', '204020', 'AUTUACAO_ABERTA', 'VJZ2A59', '79901', '2024-07-23T16:45:00.000Z', '46448123237', 'DEV-0001', '{"numeroAit":"A6105753","codigoOrgaoAutuador":"204020","placa":"VJZ2A59","codigoInfracao":"79901","situacao":"ARQUIVADO"}'::jsonb),
  ('40b37f05-af5c-4be3-b394-a136148ec979', 'A0110928', '204020', 'AUTUACAO_ABERTA', 'MSL5Y87', '76907', '2024-06-07T06:30:00.000Z', '41411670299', 'DEV-0012', '{"numeroAit":"A0110928","codigoOrgaoAutuador":"204020","placa":"MSL5Y87","codigoInfracao":"76907","situacao":"AGUARDANDO_DEFESA_PREVIA"}'::jsonb),
  ('03dcb549-3155-4dfb-ba76-42d19e111884', 'A0445383', '999999', 'AUTUACAO_ABERTA', 'GWH1Z85', '73443', '2025-03-17T11:24:00.000Z', '44979982662', 'DEV-0006', '{"numeroAit":"A0445383","codigoOrgaoAutuador":"999999","placa":"GWH1Z85","codigoInfracao":"73443","situacao":"AGUARDANDO_DEFESA_PREVIA"}'::jsonb),
  ('3991bea1-5777-429f-a384-08235a167344', 'A8146811', '380090', 'AUTUACAO_ABERTA', 'HJU1X88', '73310', '2024-01-09T04:18:00.000Z', '61033818607', 'DEV-0006', '{"numeroAit":"A8146811","codigoOrgaoAutuador":"380090","placa":"HJU1X88","codigoInfracao":"73310","situacao":"ARQUIVADO"}'::jsonb),
  ('18baa3e0-62e3-4d80-81d9-c7686cf44aa7', 'A1514585', '447010', 'AUTUACAO_ABERTA', 'JFJ3200', '51247', '2024-03-19T07:59:00.000Z', '72353183093', 'DEV-0004', '{"numeroAit":"A1514585","codigoOrgaoAutuador":"447010","placa":"JFJ3200","codigoInfracao":"51247","situacao":"RECURSO_JARI_APRESENTADO"}'::jsonb),
  ('b2389df9-808e-4aca-b281-58770fd08f4f', 'A9612372', '380090', 'AUTUACAO_ABERTA', 'LAW6S49', '76030', '2025-01-03T22:21:00.000Z', '08306288513', 'DEV-0005', '{"numeroAit":"A9612372","codigoOrgaoAutuador":"380090","placa":"LAW6S49","codigoInfracao":"76030","situacao":"NOTIFICADO_AUTUACAO"}'::jsonb),
  ('929d6152-342f-4296-a513-a3d3d6dee292', 'A4177075', '380090', 'AUTUACAO_ABERTA', 'BWT6X19', '77747', '2024-06-07T13:37:00.000Z', '70179222805', 'DEV-0004', '{"numeroAit":"A4177075","codigoOrgaoAutuador":"380090","placa":"BWT6X19","codigoInfracao":"77747","situacao":"NOTIFICADO_AUTUACAO"}'::jsonb),
  ('3541d185-5c99-4a49-bd14-1592793f1067', 'A1939565', '150070', 'AUTUACAO_ABERTA', 'EYA5761', '55587', '2024-04-14T14:28:00.000Z', '71880663880', 'DEV-0014', '{"numeroAit":"A1939565","codigoOrgaoAutuador":"150070","placa":"EYA5761","codigoInfracao":"55587","situacao":"PENALIDADE_IMPOSTA"}'::jsonb),
  ('102add85-49bf-44eb-bdae-d319bcab3a92', 'A4041123', '380090', 'VALIDADO', 'GCE0N79', '58308', '2024-04-15T11:54:00.000Z', '92076695877', 'DEV-0008', '{"numeroAit":"A4041123","codigoOrgaoAutuador":"380090","placa":"GCE0N79","codigoInfracao":"58308","situacao":"AUTUACAO_ABERTA"}'::jsonb),
  ('ef1aee62-e05b-4803-bf8b-a52377c0977f', 'A8243017', '447010', 'AUTUACAO_ABERTA', 'ZEE8F32', '78709', '2024-06-02T04:53:00.000Z', '92612087621', 'DEV-0010', '{"numeroAit":"A8243017","codigoOrgaoAutuador":"447010","placa":"ZEE8F32","codigoInfracao":"78709","situacao":"PENALIDADE_IMPOSTA"}'::jsonb),
  ('e1e57a64-2a4c-4d17-a59d-c2a93cbe74d3', 'A3454379', '447010', 'AUTUACAO_ABERTA', 'LFU5B41', '63848', '2024-09-28T00:06:00.000Z', '03785595409', 'DEV-0013', '{"numeroAit":"A3454379","codigoOrgaoAutuador":"447010","placa":"LFU5B41","codigoInfracao":"63848","situacao":"RECURSO_JARI_APRESENTADO"}'::jsonb);

insert into renainf.processo (id, ait_id, situacao, payload) values
  ('2641222f-e1d6-4218-9b2b-bf29a7abf0fc', '6d96e1a6-9cf5-4c4d-a446-2bf087878b76', 'NOTIFICADO_AUTUACAO', '{"idProcesso":"2641222f-e1d6-4218-9b2b-bf29a7abf0fc","numeroAit":"A0001001","situacao":"NOTIFICADO_AUTUACAO"}'::jsonb),
  ('045518dd-64b8-44e6-9546-684d62a177f5', '829fda28-7227-4cad-bc79-ff828252264e', 'RECURSO_JARI_APRESENTADO', '{"idProcesso":"045518dd-64b8-44e6-9546-684d62a177f5","numeroAit":"A5085691","situacao":"RECURSO_JARI_APRESENTADO"}'::jsonb),
  ('8cfa9792-b48f-4cd1-9c50-5d4765f0187f', 'a623cc57-7905-4a18-a13b-478bffa39879', 'AGUARDANDO_DEFESA_PREVIA', '{"idProcesso":"8cfa9792-b48f-4cd1-9c50-5d4765f0187f","numeroAit":"A8545202","situacao":"AGUARDANDO_DEFESA_PREVIA"}'::jsonb),
  ('b5073338-111f-403f-850d-11e8eed57587', 'e3fb82bb-3348-4ebc-a60d-eeb706364f46', 'RECURSO_JARI_APRESENTADO', '{"idProcesso":"b5073338-111f-403f-850d-11e8eed57587","numeroAit":"A5156677","situacao":"RECURSO_JARI_APRESENTADO"}'::jsonb),
  ('0d181351-cb08-4574-a62c-738c7367e4b7', '87558831-aeec-4460-8e66-f64f60421fae', 'PENALIDADE_IMPOSTA', '{"idProcesso":"0d181351-cb08-4574-a62c-738c7367e4b7","numeroAit":"A4279143","situacao":"PENALIDADE_IMPOSTA"}'::jsonb),
  ('80ebd736-1e61-4459-abde-5c8d9c8073b0', 'b981a698-d866-4005-aaf4-b42885d7e5f6', 'PENALIDADE_IMPOSTA', '{"idProcesso":"80ebd736-1e61-4459-abde-5c8d9c8073b0","numeroAit":"A3099081","situacao":"PENALIDADE_IMPOSTA"}'::jsonb),
  ('bff4b52a-727f-4157-a27f-6d3b33c9fe7c', '7549fab0-c929-4d2a-a387-c5611eb8c2ca', 'ARQUIVADO', '{"idProcesso":"bff4b52a-727f-4157-a27f-6d3b33c9fe7c","numeroAit":"A5857468","situacao":"ARQUIVADO"}'::jsonb),
  ('6caf52ad-fb77-4523-b0d5-1bdcb5b36f4e', 'be01f8f4-cace-471e-87e8-eefb594d4595', 'ARQUIVADO', '{"idProcesso":"6caf52ad-fb77-4523-b0d5-1bdcb5b36f4e","numeroAit":"A2356255","situacao":"ARQUIVADO"}'::jsonb),
  ('f1f18c82-9270-4229-86ac-abf7469bb6fc', 'e039e4fc-494a-44c7-867c-7129f7747cea', 'ARQUIVADO', '{"idProcesso":"f1f18c82-9270-4229-86ac-abf7469bb6fc","numeroAit":"A5871328","situacao":"ARQUIVADO"}'::jsonb),
  ('a17cbd72-031e-4c1a-ab6b-f487bf1ecfab', '30cbd956-841f-421a-b1f4-49c1b96876b8', 'PENALIDADE_IMPOSTA', '{"idProcesso":"a17cbd72-031e-4c1a-ab6b-f487bf1ecfab","numeroAit":"A2442284","situacao":"PENALIDADE_IMPOSTA"}'::jsonb),
  ('4d81669f-e66e-4a85-bb12-0e17cc51dfa8', '89b1f039-877e-4bd4-9b89-8eca77d1bbbc', 'AUTUACAO_ABERTA', '{"idProcesso":"4d81669f-e66e-4a85-bb12-0e17cc51dfa8","numeroAit":"A9206701","situacao":"AUTUACAO_ABERTA"}'::jsonb),
  ('8f3d49f6-3f76-405a-aeb3-07f719363896', '2946f594-38d9-4810-8fb6-ebf3aaf8b5fd', 'AUTUACAO_ABERTA', '{"idProcesso":"8f3d49f6-3f76-405a-aeb3-07f719363896","numeroAit":"A7519296","situacao":"AUTUACAO_ABERTA"}'::jsonb),
  ('8e9f0bb1-b123-4bf3-8b5c-c10f26bcf525', '70d173ca-1486-4cd4-ba84-a5eb25ce0d01', 'PENALIDADE_IMPOSTA', '{"idProcesso":"8e9f0bb1-b123-4bf3-8b5c-c10f26bcf525","numeroAit":"A9023217","situacao":"PENALIDADE_IMPOSTA"}'::jsonb),
  ('e64e1cf9-1b58-4124-a5aa-f3b4be57ae0a', '6a16ef3e-42de-40c7-97aa-655d23228194', 'AUTUACAO_ABERTA', '{"idProcesso":"e64e1cf9-1b58-4124-a5aa-f3b4be57ae0a","numeroAit":"A6709133","situacao":"AUTUACAO_ABERTA"}'::jsonb),
  ('abe65974-ac4f-4976-8ec0-93f8e1650183', 'a96e5597-3c02-4914-a436-bde83720e403', 'RECURSO_JARI_APRESENTADO', '{"idProcesso":"abe65974-ac4f-4976-8ec0-93f8e1650183","numeroAit":"A5995173","situacao":"RECURSO_JARI_APRESENTADO"}'::jsonb),
  ('156730f4-e308-4e88-bbcb-42241f257443', '52db8917-6c6c-4109-a938-8abfdc8a43b8', 'ARQUIVADO', '{"idProcesso":"156730f4-e308-4e88-bbcb-42241f257443","numeroAit":"A3000835","situacao":"ARQUIVADO"}'::jsonb),
  ('760b55e2-15d6-4d10-9333-fe908b3456bb', '02a2a32e-e57e-4348-be58-7855451bfeb1', 'NOTIFICADO_AUTUACAO', '{"idProcesso":"760b55e2-15d6-4d10-9333-fe908b3456bb","numeroAit":"A4171128","situacao":"NOTIFICADO_AUTUACAO"}'::jsonb),
  ('7e0121b1-f9e5-49cf-9b15-2caae98fb87a', '14d80845-db95-406d-aa4a-bf53d64dd5d5', 'ARQUIVADO', '{"idProcesso":"7e0121b1-f9e5-49cf-9b15-2caae98fb87a","numeroAit":"A1484785","situacao":"ARQUIVADO"}'::jsonb),
  ('0a494a49-d9b0-4d9a-bff4-72bbb31056b7', '9ff9abe7-1330-4026-9f58-48907335ce4c', 'PENALIDADE_IMPOSTA', '{"idProcesso":"0a494a49-d9b0-4d9a-bff4-72bbb31056b7","numeroAit":"A8513705","situacao":"PENALIDADE_IMPOSTA"}'::jsonb),
  ('29ce305e-5859-483d-9b85-6f220c9ac628', '926ce336-cd7b-415e-8927-ba222298803e', 'AGUARDANDO_DEFESA_PREVIA', '{"idProcesso":"29ce305e-5859-483d-9b85-6f220c9ac628","numeroAit":"A4765742","situacao":"AGUARDANDO_DEFESA_PREVIA"}'::jsonb),
  ('f88a431f-1600-47b9-bc25-7bac477e67c6', 'd7e23671-aba5-4500-b034-71de3c36116a', 'PENALIDADE_IMPOSTA', '{"idProcesso":"f88a431f-1600-47b9-bc25-7bac477e67c6","numeroAit":"A6498350","situacao":"PENALIDADE_IMPOSTA"}'::jsonb),
  ('003cfc72-8bdb-4746-b9f0-8142179b4f04', '168e296d-9928-4849-b9f4-39cadc7e24ea', 'AGUARDANDO_DEFESA_PREVIA', '{"idProcesso":"003cfc72-8bdb-4746-b9f0-8142179b4f04","numeroAit":"A7109553","situacao":"AGUARDANDO_DEFESA_PREVIA"}'::jsonb),
  ('b92ae023-7904-427b-9c96-b77c35a37948', '7af1a831-24df-4aa8-8451-072734829f28', 'NOTIFICADO_AUTUACAO', '{"idProcesso":"b92ae023-7904-427b-9c96-b77c35a37948","numeroAit":"A6301246","situacao":"NOTIFICADO_AUTUACAO"}'::jsonb),
  ('3a5c5e2b-b865-4a2c-9a9b-b7b03368a283', '930ecee8-9bee-435f-902a-deb5fa9b0c85', 'AGUARDANDO_DEFESA_PREVIA', '{"idProcesso":"3a5c5e2b-b865-4a2c-9a9b-b7b03368a283","numeroAit":"A7769273","situacao":"AGUARDANDO_DEFESA_PREVIA"}'::jsonb),
  ('1c1a3cb9-74b4-4c21-8ead-c3eeefdf4521', 'e228bc77-d854-4d48-b8b8-389f717347b6', 'ARQUIVADO', '{"idProcesso":"1c1a3cb9-74b4-4c21-8ead-c3eeefdf4521","numeroAit":"A4397442","situacao":"ARQUIVADO"}'::jsonb),
  ('eddce578-8dec-4b1b-bf1e-e9fef6f0913b', 'a2854c6d-cb93-498f-8984-9654ea6f2d6d', 'AUTUACAO_ABERTA', '{"idProcesso":"eddce578-8dec-4b1b-bf1e-e9fef6f0913b","numeroAit":"A3587899","situacao":"AUTUACAO_ABERTA"}'::jsonb),
  ('6fd22fdc-1fb4-4b14-a16c-d86de741a12d', '00fbc38b-3056-4616-a5ad-aed06840f1b3', 'AGUARDANDO_DEFESA_PREVIA', '{"idProcesso":"6fd22fdc-1fb4-4b14-a16c-d86de741a12d","numeroAit":"A3769314","situacao":"AGUARDANDO_DEFESA_PREVIA"}'::jsonb),
  ('11d28967-3e4a-4be9-a32a-77997c425d79', '1df60589-3b2e-406a-a3f6-5234d0ba15b9', 'RECURSO_JARI_APRESENTADO', '{"idProcesso":"11d28967-3e4a-4be9-a32a-77997c425d79","numeroAit":"A9933499","situacao":"RECURSO_JARI_APRESENTADO"}'::jsonb),
  ('88d68a7b-a6dd-4271-8fea-06630f000937', '19b700b0-5738-482e-a284-4ed39edd7423', 'NOTIFICADO_AUTUACAO', '{"idProcesso":"88d68a7b-a6dd-4271-8fea-06630f000937","numeroAit":"A8394469","situacao":"NOTIFICADO_AUTUACAO"}'::jsonb),
  ('f3581ae2-fad3-45c4-b364-0e14d74b9b52', '753537ae-4c5d-43ed-80c4-3a646d6246b9', 'AUTUACAO_ABERTA', '{"idProcesso":"f3581ae2-fad3-45c4-b364-0e14d74b9b52","numeroAit":"A5736037","situacao":"AUTUACAO_ABERTA"}'::jsonb),
  ('2052ccff-2aee-48df-8d3f-64f53d6a82d7', 'bf7181cf-5141-49a8-9691-db700b5ac4e6', 'NOTIFICADO_AUTUACAO', '{"idProcesso":"2052ccff-2aee-48df-8d3f-64f53d6a82d7","numeroAit":"A2420055","situacao":"NOTIFICADO_AUTUACAO"}'::jsonb),
  ('612a5ea9-a5e1-4236-addf-03265c40d06d', 'a39165bf-0666-42a2-8f6e-9bca162270c7', 'AUTUACAO_ABERTA', '{"idProcesso":"612a5ea9-a5e1-4236-addf-03265c40d06d","numeroAit":"A5497890","situacao":"AUTUACAO_ABERTA"}'::jsonb),
  ('88ab6677-8320-4330-8282-fbe54114c99a', 'd0c828d6-97ad-4c6b-a2dc-4c8f8a12f426', 'NOTIFICADO_AUTUACAO', '{"idProcesso":"88ab6677-8320-4330-8282-fbe54114c99a","numeroAit":"A1459157","situacao":"NOTIFICADO_AUTUACAO"}'::jsonb),
  ('9d165422-dcd6-40af-b2aa-69ba12dbab7c', '4be46d07-95c4-4a86-aef8-3b89f2b8c16f', 'NOTIFICADO_AUTUACAO', '{"idProcesso":"9d165422-dcd6-40af-b2aa-69ba12dbab7c","numeroAit":"A8548427","situacao":"NOTIFICADO_AUTUACAO"}'::jsonb),
  ('fad82ab4-91f4-430f-b241-762b284281b4', 'ce31cd1d-2080-4eed-8cb0-bb356773f8cd', 'AUTUACAO_ABERTA', '{"idProcesso":"fad82ab4-91f4-430f-b241-762b284281b4","numeroAit":"A6494898","situacao":"AUTUACAO_ABERTA"}'::jsonb),
  ('1863b979-929f-4025-b9c8-115aec2dc252', '42a3a341-88ba-44d0-80fe-66772325ce9c', 'ARQUIVADO', '{"idProcesso":"1863b979-929f-4025-b9c8-115aec2dc252","numeroAit":"A0645305","situacao":"ARQUIVADO"}'::jsonb),
  ('e4b0b51e-020e-41d3-850b-93e27ae5ee04', '8ce123e7-013e-4eda-819c-7105752cdf63', 'ARQUIVADO', '{"idProcesso":"e4b0b51e-020e-41d3-850b-93e27ae5ee04","numeroAit":"A7342886","situacao":"ARQUIVADO"}'::jsonb),
  ('a8a12d84-3155-4a3d-ad3d-1ff2452878fe', '715049bb-ff5f-4903-8fa3-1a400a18f131', 'AGUARDANDO_DEFESA_PREVIA', '{"idProcesso":"a8a12d84-3155-4a3d-ad3d-1ff2452878fe","numeroAit":"A2957112","situacao":"AGUARDANDO_DEFESA_PREVIA"}'::jsonb),
  ('bd69e4b2-d874-4b38-9fe7-1b25b04fa48a', 'e1e4cc3f-c17b-4eef-a7d5-0463a112f4e4', 'AUTUACAO_ABERTA', '{"idProcesso":"bd69e4b2-d874-4b38-9fe7-1b25b04fa48a","numeroAit":"A7079018","situacao":"AUTUACAO_ABERTA"}'::jsonb),
  ('f366db75-61f9-4dd5-bb5f-f3896b953054', '50889260-084c-468c-9113-d9edac9117da', 'PENALIDADE_IMPOSTA', '{"idProcesso":"f366db75-61f9-4dd5-bb5f-f3896b953054","numeroAit":"A8016542","situacao":"PENALIDADE_IMPOSTA"}'::jsonb),
  ('38a89904-7fc2-4a9c-8f1f-2cfdd3ebdc45', 'cb6df2b9-39d5-4134-b2ad-c3d4b807211e', 'NOTIFICADO_AUTUACAO', '{"idProcesso":"38a89904-7fc2-4a9c-8f1f-2cfdd3ebdc45","numeroAit":"A8132053","situacao":"NOTIFICADO_AUTUACAO"}'::jsonb),
  ('80a9ac52-6e64-4873-a9e1-e148b2b82119', '64eef69d-9292-4ff5-a787-6e3bca64c92a', 'AUTUACAO_ABERTA', '{"idProcesso":"80a9ac52-6e64-4873-a9e1-e148b2b82119","numeroAit":"A8166615","situacao":"AUTUACAO_ABERTA"}'::jsonb),
  ('6bab7fb3-6eab-46a1-97c3-f44233f79bd6', 'f2a4465a-2cbd-4cfd-92e4-1c1144a1ba96', 'PENALIDADE_IMPOSTA', '{"idProcesso":"6bab7fb3-6eab-46a1-97c3-f44233f79bd6","numeroAit":"A0600791","situacao":"PENALIDADE_IMPOSTA"}'::jsonb),
  ('ca0403e5-a6de-4ac6-9805-1cd90c9c5101', 'ba47ef30-a7d2-40e6-8294-87786dfb0c99', 'ARQUIVADO', '{"idProcesso":"ca0403e5-a6de-4ac6-9805-1cd90c9c5101","numeroAit":"A5291697","situacao":"ARQUIVADO"}'::jsonb),
  ('d9510ea8-4fa9-487f-8f0d-7fdda3f6294f', 'cf01c47c-96c1-4527-836e-1c0df1441c40', 'AUTUACAO_ABERTA', '{"idProcesso":"d9510ea8-4fa9-487f-8f0d-7fdda3f6294f","numeroAit":"A4538633","situacao":"AUTUACAO_ABERTA"}'::jsonb),
  ('e9f788fa-efd3-4a2d-b58f-5ff7f0b94986', 'c206a604-e4c9-4741-91f0-3bef4ae4eea5', 'AUTUACAO_ABERTA', '{"idProcesso":"e9f788fa-efd3-4a2d-b58f-5ff7f0b94986","numeroAit":"A7399509","situacao":"AUTUACAO_ABERTA"}'::jsonb),
  ('0c93c27f-5c0a-4f24-98ba-6207cd0e29a4', '548f7800-c73f-454e-acbf-dd9f33b53eb3', 'PENALIDADE_IMPOSTA', '{"idProcesso":"0c93c27f-5c0a-4f24-98ba-6207cd0e29a4","numeroAit":"A4779556","situacao":"PENALIDADE_IMPOSTA"}'::jsonb),
  ('65f61974-28b8-4824-8632-1a831b3aaf24', 'dae3d2d4-d074-4f12-a7bb-8091268cb9c4', 'AUTUACAO_ABERTA', '{"idProcesso":"65f61974-28b8-4824-8632-1a831b3aaf24","numeroAit":"A9671813","situacao":"AUTUACAO_ABERTA"}'::jsonb),
  ('ffda91be-53b2-443d-ab46-72365249b677', 'dcbb8dff-5494-4b78-9547-000afa18a499', 'AUTUACAO_ABERTA', '{"idProcesso":"ffda91be-53b2-443d-ab46-72365249b677","numeroAit":"A9184974","situacao":"AUTUACAO_ABERTA"}'::jsonb),
  ('2f77efd8-a649-4b34-876a-ea819f7dde71', 'f54b12b6-d1cb-43c0-aff6-590ce2413442', 'RECURSO_JARI_APRESENTADO', '{"idProcesso":"2f77efd8-a649-4b34-876a-ea819f7dde71","numeroAit":"A7915876","situacao":"RECURSO_JARI_APRESENTADO"}'::jsonb),
  ('eddff4c2-5c72-4a8d-8a1f-b3c34c3fdf17', 'd27616d2-5b75-4d95-bacb-4f558ff82aeb', 'ARQUIVADO', '{"idProcesso":"eddff4c2-5c72-4a8d-8a1f-b3c34c3fdf17","numeroAit":"A6105753","situacao":"ARQUIVADO"}'::jsonb),
  ('e0ed1da4-9ff0-4c68-a792-0a4499309dbb', '40b37f05-af5c-4be3-b394-a136148ec979', 'AGUARDANDO_DEFESA_PREVIA', '{"idProcesso":"e0ed1da4-9ff0-4c68-a792-0a4499309dbb","numeroAit":"A0110928","situacao":"AGUARDANDO_DEFESA_PREVIA"}'::jsonb),
  ('ff3f3ef5-692b-4b46-a418-22a9df73b6d9', '03dcb549-3155-4dfb-ba76-42d19e111884', 'AGUARDANDO_DEFESA_PREVIA', '{"idProcesso":"ff3f3ef5-692b-4b46-a418-22a9df73b6d9","numeroAit":"A0445383","situacao":"AGUARDANDO_DEFESA_PREVIA"}'::jsonb),
  ('ebb4e4a4-0838-470a-b937-f5ac31a63fcc', '3991bea1-5777-429f-a384-08235a167344', 'ARQUIVADO', '{"idProcesso":"ebb4e4a4-0838-470a-b937-f5ac31a63fcc","numeroAit":"A8146811","situacao":"ARQUIVADO"}'::jsonb),
  ('c9010bb0-cc60-4847-914b-528ad05d79fc', '18baa3e0-62e3-4d80-81d9-c7686cf44aa7', 'RECURSO_JARI_APRESENTADO', '{"idProcesso":"c9010bb0-cc60-4847-914b-528ad05d79fc","numeroAit":"A1514585","situacao":"RECURSO_JARI_APRESENTADO"}'::jsonb),
  ('9eba2c40-0830-4441-935e-c3b6c8d2d8f0', 'b2389df9-808e-4aca-b281-58770fd08f4f', 'NOTIFICADO_AUTUACAO', '{"idProcesso":"9eba2c40-0830-4441-935e-c3b6c8d2d8f0","numeroAit":"A9612372","situacao":"NOTIFICADO_AUTUACAO"}'::jsonb),
  ('0e707a0c-ba7d-44ad-9ff2-3c3fa393803f', '929d6152-342f-4296-a513-a3d3d6dee292', 'NOTIFICADO_AUTUACAO', '{"idProcesso":"0e707a0c-ba7d-44ad-9ff2-3c3fa393803f","numeroAit":"A4177075","situacao":"NOTIFICADO_AUTUACAO"}'::jsonb),
  ('0a74012c-4d4d-47de-8e22-0a8f677beff5', '3541d185-5c99-4a49-bd14-1592793f1067', 'PENALIDADE_IMPOSTA', '{"idProcesso":"0a74012c-4d4d-47de-8e22-0a8f677beff5","numeroAit":"A1939565","situacao":"PENALIDADE_IMPOSTA"}'::jsonb),
  ('65ea6d2b-8a9a-4c5a-8c09-f6e885560fc8', '102add85-49bf-44eb-bdae-d319bcab3a92', 'AUTUACAO_ABERTA', '{"idProcesso":"65ea6d2b-8a9a-4c5a-8c09-f6e885560fc8","numeroAit":"A4041123","situacao":"AUTUACAO_ABERTA"}'::jsonb),
  ('e6c0f03d-f7c1-48fd-adeb-6df4196fe8bd', 'ef1aee62-e05b-4803-bf8b-a52377c0977f', 'PENALIDADE_IMPOSTA', '{"idProcesso":"e6c0f03d-f7c1-48fd-adeb-6df4196fe8bd","numeroAit":"A8243017","situacao":"PENALIDADE_IMPOSTA"}'::jsonb),
  ('0bbbbd65-8675-43a0-9e21-68e6ba7dab5c', 'e1e57a64-2a4c-4d17-a59d-c2a93cbe74d3', 'RECURSO_JARI_APRESENTADO', '{"idProcesso":"0bbbbd65-8675-43a0-9e21-68e6ba7dab5c","numeroAit":"A3454379","situacao":"RECURSO_JARI_APRESENTADO"}'::jsonb);

insert into renainf.debito (processo_id, valor, situacao_pagamento, data_vencimento, payload) values
  ('045518dd-64b8-44e6-9546-684d62a177f5', 789.00, 'EM_ABERTO', '2026-11-27', '{"idProcesso":"045518dd-64b8-44e6-9546-684d62a177f5","valor":195.23,"situacaoPagamento":"EM_ABERTO"}'::jsonb),
  ('b5073338-111f-403f-850d-11e8eed57587', 1900.00, 'QUITADO', '2025-12-13', '{"idProcesso":"b5073338-111f-403f-850d-11e8eed57587","valor":195.23,"situacaoPagamento":"EM_ABERTO"}'::jsonb),
  ('0d181351-cb08-4574-a62c-738c7367e4b7', 391.00, 'EM_ABERTO', '2025-09-18', '{"idProcesso":"0d181351-cb08-4574-a62c-738c7367e4b7","valor":195.23,"situacaoPagamento":"EM_ABERTO"}'::jsonb),
  ('80ebd736-1e61-4459-abde-5c8d9c8073b0', 1798.00, 'QUITADO', '2025-07-04', '{"idProcesso":"80ebd736-1e61-4459-abde-5c8d9c8073b0","valor":195.23,"situacaoPagamento":"EM_ABERTO"}'::jsonb),
  ('bff4b52a-727f-4157-a27f-6d3b33c9fe7c', 1162.00, 'QUITADO', '2025-03-23', '{"idProcesso":"bff4b52a-727f-4157-a27f-6d3b33c9fe7c","valor":195.23,"situacaoPagamento":"EM_ABERTO"}'::jsonb),
  ('6caf52ad-fb77-4523-b0d5-1bdcb5b36f4e', 1794.00, 'QUITADO', '2025-04-18', '{"idProcesso":"6caf52ad-fb77-4523-b0d5-1bdcb5b36f4e","valor":195.23,"situacaoPagamento":"EM_ABERTO"}'::jsonb),
  ('f1f18c82-9270-4229-86ac-abf7469bb6fc', 1639.00, 'EM_ABERTO', '2026-06-05', '{"idProcesso":"f1f18c82-9270-4229-86ac-abf7469bb6fc","valor":195.23,"situacaoPagamento":"EM_ABERTO"}'::jsonb),
  ('a17cbd72-031e-4c1a-ab6b-f487bf1ecfab', 622.00, 'QUITADO', '2026-06-09', '{"idProcesso":"a17cbd72-031e-4c1a-ab6b-f487bf1ecfab","valor":195.23,"situacaoPagamento":"EM_ABERTO"}'::jsonb),
  ('8e9f0bb1-b123-4bf3-8b5c-c10f26bcf525', 107.00, 'EM_ABERTO', '2026-06-07', '{"idProcesso":"8e9f0bb1-b123-4bf3-8b5c-c10f26bcf525","valor":195.23,"situacaoPagamento":"EM_ABERTO"}'::jsonb),
  ('abe65974-ac4f-4976-8ec0-93f8e1650183', 1158.00, 'QUITADO', '2026-07-21', '{"idProcesso":"abe65974-ac4f-4976-8ec0-93f8e1650183","valor":195.23,"situacaoPagamento":"EM_ABERTO"}'::jsonb),
  ('156730f4-e308-4e88-bbcb-42241f257443', 1262.00, 'QUITADO', '2026-12-04', '{"idProcesso":"156730f4-e308-4e88-bbcb-42241f257443","valor":195.23,"situacaoPagamento":"EM_ABERTO"}'::jsonb),
  ('7e0121b1-f9e5-49cf-9b15-2caae98fb87a', 768.00, 'QUITADO', '2026-10-28', '{"idProcesso":"7e0121b1-f9e5-49cf-9b15-2caae98fb87a","valor":195.23,"situacaoPagamento":"EM_ABERTO"}'::jsonb),
  ('0a494a49-d9b0-4d9a-bff4-72bbb31056b7', 1275.00, 'QUITADO', '2025-05-20', '{"idProcesso":"0a494a49-d9b0-4d9a-bff4-72bbb31056b7","valor":195.23,"situacaoPagamento":"EM_ABERTO"}'::jsonb),
  ('f88a431f-1600-47b9-bc25-7bac477e67c6', 1440.00, 'EM_ABERTO', '2026-04-23', '{"idProcesso":"f88a431f-1600-47b9-bc25-7bac477e67c6","valor":195.23,"situacaoPagamento":"EM_ABERTO"}'::jsonb),
  ('1c1a3cb9-74b4-4c21-8ead-c3eeefdf4521', 1343.00, 'QUITADO', '2026-11-18', '{"idProcesso":"1c1a3cb9-74b4-4c21-8ead-c3eeefdf4521","valor":195.23,"situacaoPagamento":"EM_ABERTO"}'::jsonb),
  ('11d28967-3e4a-4be9-a32a-77997c425d79', 1285.00, 'QUITADO', '2026-07-26', '{"idProcesso":"11d28967-3e4a-4be9-a32a-77997c425d79","valor":195.23,"situacaoPagamento":"EM_ABERTO"}'::jsonb),
  ('1863b979-929f-4025-b9c8-115aec2dc252', 784.00, 'EM_ABERTO', '2025-05-12', '{"idProcesso":"1863b979-929f-4025-b9c8-115aec2dc252","valor":195.23,"situacaoPagamento":"EM_ABERTO"}'::jsonb),
  ('e4b0b51e-020e-41d3-850b-93e27ae5ee04', 768.00, 'EM_ABERTO', '2025-10-03', '{"idProcesso":"e4b0b51e-020e-41d3-850b-93e27ae5ee04","valor":195.23,"situacaoPagamento":"EM_ABERTO"}'::jsonb),
  ('f366db75-61f9-4dd5-bb5f-f3896b953054', 110.00, 'QUITADO', '2026-04-10', '{"idProcesso":"f366db75-61f9-4dd5-bb5f-f3896b953054","valor":195.23,"situacaoPagamento":"EM_ABERTO"}'::jsonb),
  ('6bab7fb3-6eab-46a1-97c3-f44233f79bd6', 1931.00, 'EM_ABERTO', '2026-09-16', '{"idProcesso":"6bab7fb3-6eab-46a1-97c3-f44233f79bd6","valor":195.23,"situacaoPagamento":"EM_ABERTO"}'::jsonb),
  ('ca0403e5-a6de-4ac6-9805-1cd90c9c5101', 410.00, 'QUITADO', '2026-12-24', '{"idProcesso":"ca0403e5-a6de-4ac6-9805-1cd90c9c5101","valor":195.23,"situacaoPagamento":"EM_ABERTO"}'::jsonb),
  ('0c93c27f-5c0a-4f24-98ba-6207cd0e29a4', 696.00, 'EM_ABERTO', '2025-07-13', '{"idProcesso":"0c93c27f-5c0a-4f24-98ba-6207cd0e29a4","valor":195.23,"situacaoPagamento":"EM_ABERTO"}'::jsonb),
  ('2f77efd8-a649-4b34-876a-ea819f7dde71', 353.00, 'QUITADO', '2025-07-21', '{"idProcesso":"2f77efd8-a649-4b34-876a-ea819f7dde71","valor":195.23,"situacaoPagamento":"EM_ABERTO"}'::jsonb),
  ('eddff4c2-5c72-4a8d-8a1f-b3c34c3fdf17', 1119.00, 'EM_ABERTO', '2025-12-15', '{"idProcesso":"eddff4c2-5c72-4a8d-8a1f-b3c34c3fdf17","valor":195.23,"situacaoPagamento":"EM_ABERTO"}'::jsonb),
  ('ebb4e4a4-0838-470a-b937-f5ac31a63fcc', 1598.00, 'QUITADO', '2026-06-22', '{"idProcesso":"ebb4e4a4-0838-470a-b937-f5ac31a63fcc","valor":195.23,"situacaoPagamento":"EM_ABERTO"}'::jsonb),
  ('c9010bb0-cc60-4847-914b-528ad05d79fc', 1986.00, 'EM_ABERTO', '2025-02-26', '{"idProcesso":"c9010bb0-cc60-4847-914b-528ad05d79fc","valor":195.23,"situacaoPagamento":"EM_ABERTO"}'::jsonb),
  ('0a74012c-4d4d-47de-8e22-0a8f677beff5', 548.00, 'EM_ABERTO', '2025-09-18', '{"idProcesso":"0a74012c-4d4d-47de-8e22-0a8f677beff5","valor":195.23,"situacaoPagamento":"EM_ABERTO"}'::jsonb),
  ('e6c0f03d-f7c1-48fd-adeb-6df4196fe8bd', 1062.00, 'QUITADO', '2026-10-13', '{"idProcesso":"e6c0f03d-f7c1-48fd-adeb-6df4196fe8bd","valor":195.23,"situacaoPagamento":"EM_ABERTO"}'::jsonb),
  ('0bbbbd65-8675-43a0-9e21-68e6ba7dab5c', 514.00, 'EM_ABERTO', '2026-01-24', '{"idProcesso":"0bbbbd65-8675-43a0-9e21-68e6ba7dab5c","valor":195.23,"situacaoPagamento":"EM_ABERTO"}'::jsonb);

