-- SENATRAN mock seed — RENAINF (generated).
insert into renainf.dispositivo (id_dispositivo, codigo_orgao_autuador, homologado, ativo, payload) values
  ('DEV-0001', '204020', true, true, '{"idDispositivo":"DEV-0001","codigoOrgaoAutuador":"204020","homologado":true,"ativo":true}'::jsonb),
  ('DEV-0002', '150070', true, true, '{"idDispositivo":"DEV-0002","codigoOrgaoAutuador":"150070","homologado":true,"ativo":true}'::jsonb),
  ('DEV-0003', '204020', true, true, '{"idDispositivo":"DEV-0003","codigoOrgaoAutuador":"204020","homologado":true,"ativo":true}'::jsonb),
  ('DEV-0004', '999999', true, true, '{"idDispositivo":"DEV-0004","codigoOrgaoAutuador":"999999","homologado":true,"ativo":true}'::jsonb),
  ('DEV-0005', '999999', false, true, '{"idDispositivo":"DEV-0005","codigoOrgaoAutuador":"999999","homologado":false,"ativo":true}'::jsonb),
  ('DEV-0006', '380090', true, true, '{"idDispositivo":"DEV-0006","codigoOrgaoAutuador":"380090","homologado":true,"ativo":true}'::jsonb),
  ('DEV-0007', '999999', true, true, '{"idDispositivo":"DEV-0007","codigoOrgaoAutuador":"999999","homologado":true,"ativo":true}'::jsonb),
  ('DEV-0008', '380090', false, true, '{"idDispositivo":"DEV-0008","codigoOrgaoAutuador":"380090","homologado":false,"ativo":true}'::jsonb),
  ('DEV-0009', '204020', false, true, '{"idDispositivo":"DEV-0009","codigoOrgaoAutuador":"204020","homologado":false,"ativo":true}'::jsonb),
  ('DEV-0010', '447010', true, true, '{"idDispositivo":"DEV-0010","codigoOrgaoAutuador":"447010","homologado":true,"ativo":true}'::jsonb),
  ('DEV-0011', '999999', true, true, '{"idDispositivo":"DEV-0011","codigoOrgaoAutuador":"999999","homologado":true,"ativo":true}'::jsonb),
  ('DEV-0012', '999999', true, true, '{"idDispositivo":"DEV-0012","codigoOrgaoAutuador":"999999","homologado":true,"ativo":true}'::jsonb),
  ('DEV-0013', '999999', true, true, '{"idDispositivo":"DEV-0013","codigoOrgaoAutuador":"999999","homologado":true,"ativo":true}'::jsonb),
  ('DEV-0014', '150070', true, true, '{"idDispositivo":"DEV-0014","codigoOrgaoAutuador":"150070","homologado":true,"ativo":true}'::jsonb),
  ('DEV-0015', '204020', true, true, '{"idDispositivo":"DEV-0015","codigoOrgaoAutuador":"204020","homologado":true,"ativo":true}'::jsonb);

insert into renainf.ait (id, numero_ait, codigo_orgao_autuador, situacao, placa, codigo_infracao, data_infracao, cpf_agente, id_dispositivo, payload) values
  ('b9666f2d-9d16-46ee-8d80-6c414ca8fbf3', 'A0001001', '999999', 'AUTUACAO_ABERTA', 'SPF9V26', '70006', '2024-02-18T20:28:00.000Z', '51717268501', 'DEV-0013', '{"numeroAit":"A0001001","codigoOrgaoAutuador":"999999","placa":"SPF9V26","codigoInfracao":"70006","situacao":"NOTIFICADO_AUTUACAO"}'::jsonb),
  ('c1185c03-7474-497c-8bee-fc42a6532bae', 'A6149116', '380090', 'AUTUACAO_ABERTA', 'LFU5B41', '72301', '2024-10-25T18:58:00.000Z', '75780365725', 'DEV-0012', '{"numeroAit":"A6149116","codigoOrgaoAutuador":"380090","placa":"LFU5B41","codigoInfracao":"72301","situacao":"AGUARDANDO_DEFESA_PREVIA"}'::jsonb),
  ('0bdeba43-90e0-4016-b222-207ca5725f69', 'A1686588', '380090', 'AUTUACAO_ABERTA', 'JMZ0X89', '58764', '2025-11-05T14:21:00.000Z', '80422426032', 'DEV-0002', '{"numeroAit":"A1686588","codigoOrgaoAutuador":"380090","placa":"JMZ0X89","codigoInfracao":"58764","situacao":"ARQUIVADO"}'::jsonb),
  ('65c9840a-faf4-4767-958b-8ffa61209226', 'A3330255', '380090', 'AUTUACAO_ABERTA', 'PJR5A38', '54804', '2025-10-28T20:20:00.000Z', '28165636502', 'DEV-0009', '{"numeroAit":"A3330255","codigoOrgaoAutuador":"380090","placa":"PJR5A38","codigoInfracao":"54804","situacao":"ARQUIVADO"}'::jsonb),
  ('ec9a9706-ef0b-4e28-96ba-6983fadd164a', 'A0815338', '380090', 'AUTUACAO_ABERTA', 'ZTJ0L04', '69920', '2024-01-23T23:59:00.000Z', '93664046420', 'DEV-0005', '{"numeroAit":"A0815338","codigoOrgaoAutuador":"380090","placa":"ZTJ0L04","codigoInfracao":"69920","situacao":"AGUARDANDO_DEFESA_PREVIA"}'::jsonb),
  ('5134579f-d3f4-4e8a-bf0f-627dfabe7bc0', 'A8429140', '150070', 'AUTUACAO_ABERTA', 'ZEE8F32', '70218', '2024-04-21T00:46:00.000Z', '51434370917', 'DEV-0007', '{"numeroAit":"A8429140","codigoOrgaoAutuador":"150070","placa":"ZEE8F32","codigoInfracao":"70218","situacao":"PENALIDADE_IMPOSTA"}'::jsonb),
  ('ac20ef9e-6c2e-4af1-945e-96395dae5d94', 'A5814571', '447010', 'VALIDADO', 'XNC3F44', '74398', '2025-09-14T09:15:00.000Z', '97747144903', 'DEV-0012', '{"numeroAit":"A5814571","codigoOrgaoAutuador":"447010","placa":"XNC3F44","codigoInfracao":"74398","situacao":"AUTUACAO_ABERTA"}'::jsonb),
  ('993381a9-985d-4548-aefa-15ba847b407c', 'A3786866', '447010', 'AUTUACAO_ABERTA', 'NXX6L08', '54478', '2024-04-28T16:11:00.000Z', '87937220104', 'DEV-0009', '{"numeroAit":"A3786866","codigoOrgaoAutuador":"447010","placa":"NXX6L08","codigoInfracao":"54478","situacao":"ARQUIVADO"}'::jsonb),
  ('f74e8833-859c-45d5-9e7f-0322ef556bc4', 'A0004926', '999999', 'AUTUACAO_ABERTA', 'ZXG7411', '79741', '2024-10-24T19:04:00.000Z', '78835308526', 'DEV-0009', '{"numeroAit":"A0004926","codigoOrgaoAutuador":"999999","placa":"ZXG7411","codigoInfracao":"79741","situacao":"RECURSO_JARI_APRESENTADO"}'::jsonb),
  ('696cf54a-cc05-4986-86b6-bfcbc0b539bc', 'A7049872', '150070', 'AUTUACAO_ABERTA', 'ZEE8F32', '72978', '2025-02-13T01:48:00.000Z', '81203810920', 'DEV-0009', '{"numeroAit":"A7049872","codigoOrgaoAutuador":"150070","placa":"ZEE8F32","codigoInfracao":"72978","situacao":"RECURSO_JARI_APRESENTADO"}'::jsonb),
  ('1ece4678-a3e2-4c5d-997e-fb073cd0d821', 'A4613354', '204020', 'AUTUACAO_ABERTA', 'NYM2A18', '74454', '2024-01-24T08:04:00.000Z', '14512902686', 'DEV-0008', '{"numeroAit":"A4613354","codigoOrgaoAutuador":"204020","placa":"NYM2A18","codigoInfracao":"74454","situacao":"ARQUIVADO"}'::jsonb),
  ('bffd6446-4683-462f-a371-8e9b88535dec', 'A3867564', '150070', 'AUTUACAO_ABERTA', 'MRT2P08', '67045', '2024-11-11T11:22:00.000Z', '67683772640', 'DEV-0011', '{"numeroAit":"A3867564","codigoOrgaoAutuador":"150070","placa":"MRT2P08","codigoInfracao":"67045","situacao":"AGUARDANDO_DEFESA_PREVIA"}'::jsonb),
  ('e3c4f82f-aed6-4640-8e47-cf4bf6ceb46b', 'A4533074', '447010', 'AUTUACAO_ABERTA', 'XFM9E78', '74078', '2025-03-26T04:42:00.000Z', '36674881732', 'DEV-0011', '{"numeroAit":"A4533074","codigoOrgaoAutuador":"447010","placa":"XFM9E78","codigoInfracao":"74078","situacao":"NOTIFICADO_AUTUACAO"}'::jsonb),
  ('d6ffd7b6-7828-4946-ac43-a1a1dec5bae8', 'A2897478', '447010', 'AUTUACAO_ABERTA', 'PSD0105', '78274', '2025-04-17T16:30:00.000Z', '88343970292', 'DEV-0015', '{"numeroAit":"A2897478","codigoOrgaoAutuador":"447010","placa":"PSD0105","codigoInfracao":"78274","situacao":"NOTIFICADO_AUTUACAO"}'::jsonb),
  ('5b9729e2-f762-4a36-af70-ddf98821c060', 'A0046947', '150070', 'AUTUACAO_ABERTA', 'ZDG7K15', '63054', '2025-10-14T09:19:00.000Z', '03267902762', 'DEV-0007', '{"numeroAit":"A0046947","codigoOrgaoAutuador":"150070","placa":"ZDG7K15","codigoInfracao":"63054","situacao":"PENALIDADE_IMPOSTA"}'::jsonb),
  ('fe2ab770-0029-42c5-b471-33747607151d', 'A5703335', '447010', 'AUTUACAO_ABERTA', 'UYM3945', '75621', '2024-03-18T06:55:00.000Z', '45192576547', 'DEV-0010', '{"numeroAit":"A5703335","codigoOrgaoAutuador":"447010","placa":"UYM3945","codigoInfracao":"75621","situacao":"NOTIFICADO_AUTUACAO"}'::jsonb),
  ('7772191b-6b18-46ca-ac61-80a556f3675a', 'A2936720', '380090', 'AUTUACAO_ABERTA', 'MFN7M27', '51547', '2025-04-21T14:21:00.000Z', '96116910335', 'DEV-0007', '{"numeroAit":"A2936720","codigoOrgaoAutuador":"380090","placa":"MFN7M27","codigoInfracao":"51547","situacao":"ARQUIVADO"}'::jsonb),
  ('46d0d05f-331f-47be-bba8-d41559f07790', 'A3082131', '380090', 'AUTUACAO_ABERTA', 'STS4504', '60697', '2024-01-17T04:02:00.000Z', '66138673654', 'DEV-0003', '{"numeroAit":"A3082131","codigoOrgaoAutuador":"380090","placa":"STS4504","codigoInfracao":"60697","situacao":"ARQUIVADO"}'::jsonb),
  ('75efe7a3-2235-440e-85fc-ce2f04f8db30', 'A6164463', '204020', 'AUTUACAO_ABERTA', 'JAN2P47', '55004', '2024-03-22T21:01:00.000Z', '02421584043', 'DEV-0012', '{"numeroAit":"A6164463","codigoOrgaoAutuador":"204020","placa":"JAN2P47","codigoInfracao":"55004","situacao":"RECURSO_JARI_APRESENTADO"}'::jsonb),
  ('d4eb142d-6af3-4101-aee6-c7ab4574184d', 'A5368031', '999999', 'VALIDADO', 'PPY4P01', '76964', '2025-07-22T16:56:00.000Z', '78245077852', 'DEV-0004', '{"numeroAit":"A5368031","codigoOrgaoAutuador":"999999","placa":"PPY4P01","codigoInfracao":"76964","situacao":"AUTUACAO_ABERTA"}'::jsonb),
  ('8404d0b0-062d-49dc-8680-8cef57e36408', 'A3412880', '999999', 'AUTUACAO_ABERTA', 'BRH9785', '59339', '2024-06-07T22:14:00.000Z', '85242641282', 'DEV-0004', '{"numeroAit":"A3412880","codigoOrgaoAutuador":"999999","placa":"BRH9785","codigoInfracao":"59339","situacao":"PENALIDADE_IMPOSTA"}'::jsonb),
  ('c394e5a7-41e2-4e98-a022-4e1a8b99d32c', 'A8902064', '150070', 'AUTUACAO_ABERTA', 'FEJ3T36', '69737', '2025-03-28T15:56:00.000Z', '50307794938', 'DEV-0010', '{"numeroAit":"A8902064","codigoOrgaoAutuador":"150070","placa":"FEJ3T36","codigoInfracao":"69737","situacao":"ARQUIVADO"}'::jsonb),
  ('2e87bde2-d66f-4897-ba45-fe1b1f4ed27a', 'A3278914', '447010', 'AUTUACAO_ABERTA', 'DPR1A86', '58190', '2024-04-15T04:22:00.000Z', '81090719108', 'DEV-0003', '{"numeroAit":"A3278914","codigoOrgaoAutuador":"447010","placa":"DPR1A86","codigoInfracao":"58190","situacao":"PENALIDADE_IMPOSTA"}'::jsonb),
  ('d5901426-09fb-4873-86d5-6ec3ac8e79ca', 'A1125870', '447010', 'AUTUACAO_ABERTA', 'JFJ3200', '57529', '2025-11-06T12:03:00.000Z', '51045430560', 'DEV-0003', '{"numeroAit":"A1125870","codigoOrgaoAutuador":"447010","placa":"JFJ3200","codigoInfracao":"57529","situacao":"AGUARDANDO_DEFESA_PREVIA"}'::jsonb),
  ('95bbad98-bc3c-4b24-afc8-77043294793a', 'A4317319', '204020', 'AUTUACAO_ABERTA', 'RBL4G82', '60362', '2024-10-14T10:17:00.000Z', '95128053830', 'DEV-0009', '{"numeroAit":"A4317319","codigoOrgaoAutuador":"204020","placa":"RBL4G82","codigoInfracao":"60362","situacao":"RECURSO_JARI_APRESENTADO"}'::jsonb),
  ('ec52d26f-e1c6-4c16-b31a-34c8a482e4a8', 'A8526531', '380090', 'AUTUACAO_ABERTA', 'BWT6X19', '64975', '2024-01-04T18:05:00.000Z', '00795732589', 'DEV-0007', '{"numeroAit":"A8526531","codigoOrgaoAutuador":"380090","placa":"BWT6X19","codigoInfracao":"64975","situacao":"PENALIDADE_IMPOSTA"}'::jsonb),
  ('b494c62d-1447-4b9e-a091-a931ea6d391c', 'A8364622', '380090', 'VALIDADO', 'JDY7Z52', '78020', '2025-01-17T12:15:00.000Z', '00770797105', 'DEV-0002', '{"numeroAit":"A8364622","codigoOrgaoAutuador":"380090","placa":"JDY7Z52","codigoInfracao":"78020","situacao":"AUTUACAO_ABERTA"}'::jsonb),
  ('3a9e2baf-5121-42b4-ba46-d36d3b5288b8', 'A5729318', '150070', 'AUTUACAO_ABERTA', 'XFM9E78', '62077', '2025-11-19T03:37:00.000Z', '43371077624', 'DEV-0009', '{"numeroAit":"A5729318","codigoOrgaoAutuador":"150070","placa":"XFM9E78","codigoInfracao":"62077","situacao":"PENALIDADE_IMPOSTA"}'::jsonb),
  ('a864ced1-33ea-4d0c-913b-ecae150cd248', 'A7439969', '380090', 'AUTUACAO_ABERTA', 'UHD7431', '60740', '2025-10-05T21:14:00.000Z', '76464006703', 'DEV-0011', '{"numeroAit":"A7439969","codigoOrgaoAutuador":"380090","placa":"UHD7431","codigoInfracao":"60740","situacao":"AGUARDANDO_DEFESA_PREVIA"}'::jsonb),
  ('0c9b12e0-b5b7-45ac-9999-fe92f8a8f33b', 'A0905658', '380090', 'AUTUACAO_ABERTA', 'DBL7W09', '68066', '2025-10-07T04:49:00.000Z', '92514515246', 'DEV-0015', '{"numeroAit":"A0905658","codigoOrgaoAutuador":"380090","placa":"DBL7W09","codigoInfracao":"68066","situacao":"NOTIFICADO_AUTUACAO"}'::jsonb),
  ('fe4bdcee-c8bb-430e-8f0c-c381e85e04a2', 'A4075572', '380090', 'AUTUACAO_ABERTA', 'BRH9785', '67889', '2025-02-12T11:10:00.000Z', '46615111233', 'DEV-0008', '{"numeroAit":"A4075572","codigoOrgaoAutuador":"380090","placa":"BRH9785","codigoInfracao":"67889","situacao":"ARQUIVADO"}'::jsonb),
  ('19d5031b-9f64-4403-b3ed-ea5742bb304e', 'A7215061', '380090', 'AUTUACAO_ABERTA', 'JJT6654', '66322', '2024-09-18T01:13:00.000Z', '37825595840', 'DEV-0013', '{"numeroAit":"A7215061","codigoOrgaoAutuador":"380090","placa":"JJT6654","codigoInfracao":"66322","situacao":"PENALIDADE_IMPOSTA"}'::jsonb),
  ('5cac6389-6045-4247-a04a-9dc7fbe6a26a', 'A6435337', '204020', 'VALIDADO', 'XNC3F44', '52825', '2025-01-23T02:04:00.000Z', '75005865314', 'DEV-0005', '{"numeroAit":"A6435337","codigoOrgaoAutuador":"204020","placa":"XNC3F44","codigoInfracao":"52825","situacao":"AUTUACAO_ABERTA"}'::jsonb),
  ('e0bf67e5-7501-4cf7-9701-2a77619c3039', 'A0678062', '380090', 'AUTUACAO_ABERTA', 'TWL5433', '58943', '2025-04-21T19:36:00.000Z', '40704016010', 'DEV-0010', '{"numeroAit":"A0678062","codigoOrgaoAutuador":"380090","placa":"TWL5433","codigoInfracao":"58943","situacao":"RECURSO_JARI_APRESENTADO"}'::jsonb),
  ('7d880ff7-db7f-40fa-bd52-fcedf340d223', 'A9822022', '999999', 'VALIDADO', 'EYA5761', '64873', '2024-02-15T10:04:00.000Z', '52341185177', 'DEV-0003', '{"numeroAit":"A9822022","codigoOrgaoAutuador":"999999","placa":"EYA5761","codigoInfracao":"64873","situacao":"AUTUACAO_ABERTA"}'::jsonb),
  ('735856f1-e1e7-4f95-8991-2ab84f85dbec', 'A1782997', '150070', 'AUTUACAO_ABERTA', 'UHD7431', '59085', '2024-06-26T13:07:00.000Z', '81035143739', 'DEV-0002', '{"numeroAit":"A1782997","codigoOrgaoAutuador":"150070","placa":"UHD7431","codigoInfracao":"59085","situacao":"AGUARDANDO_DEFESA_PREVIA"}'::jsonb),
  ('d268a757-5aeb-4db7-a193-7f68a2192a69', 'A6593694', '204020', 'AUTUACAO_ABERTA', 'XGD4C51', '78215', '2025-06-25T17:09:00.000Z', '05791651082', 'DEV-0009', '{"numeroAit":"A6593694","codigoOrgaoAutuador":"204020","placa":"XGD4C51","codigoInfracao":"78215","situacao":"ARQUIVADO"}'::jsonb),
  ('131335f2-3660-4a8b-b46a-b7a0dd6ef8b4', 'A4055526', '150070', 'AUTUACAO_ABERTA', 'RDA2G03', '71992', '2025-03-25T19:47:00.000Z', '42156449333', 'DEV-0011', '{"numeroAit":"A4055526","codigoOrgaoAutuador":"150070","placa":"RDA2G03","codigoInfracao":"71992","situacao":"PENALIDADE_IMPOSTA"}'::jsonb),
  ('0216923f-d7cb-4ddc-a250-2becb1460ac3', 'A4989885', '447010', 'AUTUACAO_ABERTA', 'GCS5102', '79517', '2025-08-02T05:45:00.000Z', '63253592405', 'DEV-0007', '{"numeroAit":"A4989885","codigoOrgaoAutuador":"447010","placa":"GCS5102","codigoInfracao":"79517","situacao":"RECURSO_JARI_APRESENTADO"}'::jsonb),
  ('fce1e425-7428-4cc7-ac40-0655a439cdaf', 'A0592645', '447010', 'AUTUACAO_ABERTA', 'XGD4C51', '76630', '2025-04-15T16:58:00.000Z', '68297826511', 'DEV-0005', '{"numeroAit":"A0592645","codigoOrgaoAutuador":"447010","placa":"XGD4C51","codigoInfracao":"76630","situacao":"AGUARDANDO_DEFESA_PREVIA"}'::jsonb),
  ('384b4edb-2334-44f4-aa0f-6fdd2d797d68', 'A0031079', '204020', 'AUTUACAO_ABERTA', 'PPY4P01', '73321', '2025-05-20T13:32:00.000Z', '05329993202', 'DEV-0011', '{"numeroAit":"A0031079","codigoOrgaoAutuador":"204020","placa":"PPY4P01","codigoInfracao":"73321","situacao":"NOTIFICADO_AUTUACAO"}'::jsonb),
  ('37885a15-1549-4221-b6d6-8de505e322a0', 'A4646776', '380090', 'AUTUACAO_ABERTA', 'UYM3945', '64454', '2025-04-26T14:47:00.000Z', '94780143152', 'DEV-0006', '{"numeroAit":"A4646776","codigoOrgaoAutuador":"380090","placa":"UYM3945","codigoInfracao":"64454","situacao":"NOTIFICADO_AUTUACAO"}'::jsonb),
  ('57b84134-d969-469c-b2ed-2b556cf81a14', 'A8775222', '150070', 'AUTUACAO_ABERTA', 'MSL5Y87', '61156', '2025-02-20T12:35:00.000Z', '48360085498', 'DEV-0003', '{"numeroAit":"A8775222","codigoOrgaoAutuador":"150070","placa":"MSL5Y87","codigoInfracao":"61156","situacao":"RECURSO_JARI_APRESENTADO"}'::jsonb),
  ('47811b6b-8b5d-4f85-ad99-4bc57439f05c', 'A8302673', '999999', 'AUTUACAO_ABERTA', 'ZEE8F32', '79106', '2025-09-12T09:46:00.000Z', '58827950877', 'DEV-0008', '{"numeroAit":"A8302673","codigoOrgaoAutuador":"999999","placa":"ZEE8F32","codigoInfracao":"79106","situacao":"NOTIFICADO_AUTUACAO"}'::jsonb),
  ('71e72bb2-d9f2-442e-8ede-ede9b716a644', 'A1599539', '447010', 'AUTUACAO_ABERTA', 'BRH9785', '67321', '2024-09-08T15:45:00.000Z', '63518332058', 'DEV-0014', '{"numeroAit":"A1599539","codigoOrgaoAutuador":"447010","placa":"BRH9785","codigoInfracao":"67321","situacao":"AGUARDANDO_DEFESA_PREVIA"}'::jsonb),
  ('66308388-5067-462d-aca5-0b9ed883c77f', 'A7018529', '380090', 'AUTUACAO_ABERTA', 'WDY5E62', '62565', '2025-02-16T22:09:00.000Z', '48458626624', 'DEV-0007', '{"numeroAit":"A7018529","codigoOrgaoAutuador":"380090","placa":"WDY5E62","codigoInfracao":"62565","situacao":"PENALIDADE_IMPOSTA"}'::jsonb),
  ('1148d651-cabe-4274-8819-2eba12c1de5a', 'A6867845', '447010', 'AUTUACAO_ABERTA', 'XGD4C51', '67915', '2024-11-13T05:18:00.000Z', '44039336534', 'DEV-0004', '{"numeroAit":"A6867845","codigoOrgaoAutuador":"447010","placa":"XGD4C51","codigoInfracao":"67915","situacao":"AGUARDANDO_DEFESA_PREVIA"}'::jsonb),
  ('e96b3b54-564e-47ac-8272-b25c451d7970', 'A1814169', '447010', 'AUTUACAO_ABERTA', 'NUG6C46', '62001', '2024-02-26T17:50:00.000Z', '68839549960', 'DEV-0001', '{"numeroAit":"A1814169","codigoOrgaoAutuador":"447010","placa":"NUG6C46","codigoInfracao":"62001","situacao":"RECURSO_JARI_APRESENTADO"}'::jsonb),
  ('f87abfd7-8460-4abc-9700-752913268c57', 'A4274185', '204020', 'AUTUACAO_ABERTA', 'VZX3G85', '64072', '2025-02-13T12:22:00.000Z', '73104352577', 'DEV-0001', '{"numeroAit":"A4274185","codigoOrgaoAutuador":"204020","placa":"VZX3G85","codigoInfracao":"64072","situacao":"ARQUIVADO"}'::jsonb),
  ('747a4aff-ac07-4c0e-95b5-048244dfc0ac', 'A7311484', '447010', 'AUTUACAO_ABERTA', 'TRJ7H41', '63549', '2025-10-20T13:03:00.000Z', '67018796830', 'DEV-0005', '{"numeroAit":"A7311484","codigoOrgaoAutuador":"447010","placa":"TRJ7H41","codigoInfracao":"63549","situacao":"NOTIFICADO_AUTUACAO"}'::jsonb),
  ('d79cb887-fac8-4c31-8fea-43f26d7c0c22', 'A4151548', '150070', 'AUTUACAO_ABERTA', 'ABC1D23', '79358', '2025-10-13T16:33:00.000Z', '36978900184', 'DEV-0008', '{"numeroAit":"A4151548","codigoOrgaoAutuador":"150070","placa":"ABC1D23","codigoInfracao":"79358","situacao":"RECURSO_JARI_APRESENTADO"}'::jsonb),
  ('0cc562ac-e7cb-417a-89e2-bf520cc057c4', 'A0075230', '204020', 'VALIDADO', 'NYM2A18', '61946', '2024-02-10T18:54:00.000Z', '40377618829', 'DEV-0008', '{"numeroAit":"A0075230","codigoOrgaoAutuador":"204020","placa":"NYM2A18","codigoInfracao":"61946","situacao":"AUTUACAO_ABERTA"}'::jsonb),
  ('d461070f-ff77-49f5-af3c-15e50ce60df6', 'A1752658', '380090', 'AUTUACAO_ABERTA', 'JFJ3200', '78947', '2025-06-06T13:38:00.000Z', '20732277914', 'DEV-0002', '{"numeroAit":"A1752658","codigoOrgaoAutuador":"380090","placa":"JFJ3200","codigoInfracao":"78947","situacao":"RECURSO_JARI_APRESENTADO"}'::jsonb),
  ('a0a6661f-e8e0-494f-bae5-b9101d350f11', 'A8075771', '380090', 'VALIDADO', 'WGB9111', '56455', '2025-09-22T16:58:00.000Z', '87094248733', 'DEV-0003', '{"numeroAit":"A8075771","codigoOrgaoAutuador":"380090","placa":"WGB9111","codigoInfracao":"56455","situacao":"AUTUACAO_ABERTA"}'::jsonb),
  ('a137dfde-63d6-4b95-867a-076c2662e426', 'A3604465', '999999', 'AUTUACAO_ABERTA', 'ZDG7K15', '55324', '2024-02-07T10:47:00.000Z', '97531534819', 'DEV-0014', '{"numeroAit":"A3604465","codigoOrgaoAutuador":"999999","placa":"ZDG7K15","codigoInfracao":"55324","situacao":"AGUARDANDO_DEFESA_PREVIA"}'::jsonb),
  ('129505de-3568-4465-bd55-be502a0f6231', 'A1224801', '204020', 'VALIDADO', 'JFJ3200', '52776', '2024-08-15T20:54:00.000Z', '04764867346', 'DEV-0014', '{"numeroAit":"A1224801","codigoOrgaoAutuador":"204020","placa":"JFJ3200","codigoInfracao":"52776","situacao":"AUTUACAO_ABERTA"}'::jsonb),
  ('71b84baa-33ca-43c5-ae8f-cf9d9245d269', 'A6094703', '999999', 'AUTUACAO_ABERTA', 'RPZ4167', '59425', '2024-08-06T05:49:00.000Z', '28648183960', 'DEV-0001', '{"numeroAit":"A6094703","codigoOrgaoAutuador":"999999","placa":"RPZ4167","codigoInfracao":"59425","situacao":"RECURSO_JARI_APRESENTADO"}'::jsonb),
  ('f4edf1c0-7777-433a-a9f3-99ccfaf2769c', 'A5931777', '999999', 'AUTUACAO_ABERTA', 'HSV5C14', '52176', '2025-01-09T00:50:00.000Z', '64746214514', 'DEV-0012', '{"numeroAit":"A5931777","codigoOrgaoAutuador":"999999","placa":"HSV5C14","codigoInfracao":"52176","situacao":"ARQUIVADO"}'::jsonb),
  ('3929db4c-fd55-46c1-b67b-c56ed4649ca1', 'A1671991', '204020', 'VALIDADO', 'PUH8209', '75071', '2025-07-27T19:52:00.000Z', '24325986367', 'DEV-0014', '{"numeroAit":"A1671991","codigoOrgaoAutuador":"204020","placa":"PUH8209","codigoInfracao":"75071","situacao":"AUTUACAO_ABERTA"}'::jsonb),
  ('b82533f7-eeb0-4fb4-b1db-47cc29096a1a', 'A8395616', '380090', 'AUTUACAO_ABERTA', 'XNC3F44', '57359', '2024-02-12T22:03:00.000Z', '16426766089', 'DEV-0010', '{"numeroAit":"A8395616","codigoOrgaoAutuador":"380090","placa":"XNC3F44","codigoInfracao":"57359","situacao":"PENALIDADE_IMPOSTA"}'::jsonb),
  ('da51db2f-b65c-447e-bcff-b0905843b0b1', 'A1086514', '999999', 'AUTUACAO_ABERTA', 'EXD4A36', '69078', '2025-04-07T03:44:00.000Z', '99979369655', 'DEV-0011', '{"numeroAit":"A1086514","codigoOrgaoAutuador":"999999","placa":"EXD4A36","codigoInfracao":"69078","situacao":"RECURSO_JARI_APRESENTADO"}'::jsonb);

insert into renainf.processo (id, ait_id, situacao, payload) values
  ('bac0271b-125e-47cd-8366-5deb36ea6db0', 'b9666f2d-9d16-46ee-8d80-6c414ca8fbf3', 'NOTIFICADO_AUTUACAO', '{"idProcesso":"bac0271b-125e-47cd-8366-5deb36ea6db0","numeroAit":"A0001001","situacao":"NOTIFICADO_AUTUACAO"}'::jsonb),
  ('a997af2e-0512-4f24-9cfe-158ceacf1f2a', 'c1185c03-7474-497c-8bee-fc42a6532bae', 'AGUARDANDO_DEFESA_PREVIA', '{"idProcesso":"a997af2e-0512-4f24-9cfe-158ceacf1f2a","numeroAit":"A6149116","situacao":"AGUARDANDO_DEFESA_PREVIA"}'::jsonb),
  ('965c5417-3717-4603-b787-f3ba6a247feb', '0bdeba43-90e0-4016-b222-207ca5725f69', 'ARQUIVADO', '{"idProcesso":"965c5417-3717-4603-b787-f3ba6a247feb","numeroAit":"A1686588","situacao":"ARQUIVADO"}'::jsonb),
  ('040f2c81-07fb-41ea-940d-2b8465b835bc', '65c9840a-faf4-4767-958b-8ffa61209226', 'ARQUIVADO', '{"idProcesso":"040f2c81-07fb-41ea-940d-2b8465b835bc","numeroAit":"A3330255","situacao":"ARQUIVADO"}'::jsonb),
  ('3c0ad2ad-2153-42c3-9910-d29ab5950048', 'ec9a9706-ef0b-4e28-96ba-6983fadd164a', 'AGUARDANDO_DEFESA_PREVIA', '{"idProcesso":"3c0ad2ad-2153-42c3-9910-d29ab5950048","numeroAit":"A0815338","situacao":"AGUARDANDO_DEFESA_PREVIA"}'::jsonb),
  ('03fe1b8c-d87d-44c9-8b2f-606674eed68d', '5134579f-d3f4-4e8a-bf0f-627dfabe7bc0', 'PENALIDADE_IMPOSTA', '{"idProcesso":"03fe1b8c-d87d-44c9-8b2f-606674eed68d","numeroAit":"A8429140","situacao":"PENALIDADE_IMPOSTA"}'::jsonb),
  ('b1cd40e9-cc24-4d40-957d-ae8ee516e7ab', 'ac20ef9e-6c2e-4af1-945e-96395dae5d94', 'AUTUACAO_ABERTA', '{"idProcesso":"b1cd40e9-cc24-4d40-957d-ae8ee516e7ab","numeroAit":"A5814571","situacao":"AUTUACAO_ABERTA"}'::jsonb),
  ('50559d20-59d0-456d-93ea-c8355a845f4b', '993381a9-985d-4548-aefa-15ba847b407c', 'ARQUIVADO', '{"idProcesso":"50559d20-59d0-456d-93ea-c8355a845f4b","numeroAit":"A3786866","situacao":"ARQUIVADO"}'::jsonb),
  ('03995599-5fef-4ba8-bcc1-2d0ffd5abad5', 'f74e8833-859c-45d5-9e7f-0322ef556bc4', 'RECURSO_JARI_APRESENTADO', '{"idProcesso":"03995599-5fef-4ba8-bcc1-2d0ffd5abad5","numeroAit":"A0004926","situacao":"RECURSO_JARI_APRESENTADO"}'::jsonb),
  ('43e59637-5fdd-482c-b1fa-b8dca157525c', '696cf54a-cc05-4986-86b6-bfcbc0b539bc', 'RECURSO_JARI_APRESENTADO', '{"idProcesso":"43e59637-5fdd-482c-b1fa-b8dca157525c","numeroAit":"A7049872","situacao":"RECURSO_JARI_APRESENTADO"}'::jsonb),
  ('e402b82c-8f68-4d0e-87ed-2e9a484ec074', '1ece4678-a3e2-4c5d-997e-fb073cd0d821', 'ARQUIVADO', '{"idProcesso":"e402b82c-8f68-4d0e-87ed-2e9a484ec074","numeroAit":"A4613354","situacao":"ARQUIVADO"}'::jsonb),
  ('f3609e4b-b9de-4cb1-b8c3-c6c5d26e9fd0', 'bffd6446-4683-462f-a371-8e9b88535dec', 'AGUARDANDO_DEFESA_PREVIA', '{"idProcesso":"f3609e4b-b9de-4cb1-b8c3-c6c5d26e9fd0","numeroAit":"A3867564","situacao":"AGUARDANDO_DEFESA_PREVIA"}'::jsonb),
  ('06cdcb21-ddfe-4122-97bc-811c787bf03a', 'e3c4f82f-aed6-4640-8e47-cf4bf6ceb46b', 'NOTIFICADO_AUTUACAO', '{"idProcesso":"06cdcb21-ddfe-4122-97bc-811c787bf03a","numeroAit":"A4533074","situacao":"NOTIFICADO_AUTUACAO"}'::jsonb),
  ('bf14bb30-b535-44b5-b1ee-4f6235b826a6', 'd6ffd7b6-7828-4946-ac43-a1a1dec5bae8', 'NOTIFICADO_AUTUACAO', '{"idProcesso":"bf14bb30-b535-44b5-b1ee-4f6235b826a6","numeroAit":"A2897478","situacao":"NOTIFICADO_AUTUACAO"}'::jsonb),
  ('c11d2060-b84f-4a5b-88d8-568728cd4ed7', '5b9729e2-f762-4a36-af70-ddf98821c060', 'PENALIDADE_IMPOSTA', '{"idProcesso":"c11d2060-b84f-4a5b-88d8-568728cd4ed7","numeroAit":"A0046947","situacao":"PENALIDADE_IMPOSTA"}'::jsonb),
  ('93c1d0d4-b10d-45c0-875b-7448862d9583', 'fe2ab770-0029-42c5-b471-33747607151d', 'NOTIFICADO_AUTUACAO', '{"idProcesso":"93c1d0d4-b10d-45c0-875b-7448862d9583","numeroAit":"A5703335","situacao":"NOTIFICADO_AUTUACAO"}'::jsonb),
  ('4ee28ffb-02fd-41bd-be26-ea69b9d12e98', '7772191b-6b18-46ca-ac61-80a556f3675a', 'ARQUIVADO', '{"idProcesso":"4ee28ffb-02fd-41bd-be26-ea69b9d12e98","numeroAit":"A2936720","situacao":"ARQUIVADO"}'::jsonb),
  ('0d9f81a0-65b2-4909-aef2-a429ec35c354', '46d0d05f-331f-47be-bba8-d41559f07790', 'ARQUIVADO', '{"idProcesso":"0d9f81a0-65b2-4909-aef2-a429ec35c354","numeroAit":"A3082131","situacao":"ARQUIVADO"}'::jsonb),
  ('776b1613-4d30-4960-94a1-1950a6af0757', '75efe7a3-2235-440e-85fc-ce2f04f8db30', 'RECURSO_JARI_APRESENTADO', '{"idProcesso":"776b1613-4d30-4960-94a1-1950a6af0757","numeroAit":"A6164463","situacao":"RECURSO_JARI_APRESENTADO"}'::jsonb),
  ('98021963-2114-414a-9ab9-75dffda79423', 'd4eb142d-6af3-4101-aee6-c7ab4574184d', 'AUTUACAO_ABERTA', '{"idProcesso":"98021963-2114-414a-9ab9-75dffda79423","numeroAit":"A5368031","situacao":"AUTUACAO_ABERTA"}'::jsonb),
  ('f5a37dbb-8879-4558-b2e2-59733fbce871', '8404d0b0-062d-49dc-8680-8cef57e36408', 'PENALIDADE_IMPOSTA', '{"idProcesso":"f5a37dbb-8879-4558-b2e2-59733fbce871","numeroAit":"A3412880","situacao":"PENALIDADE_IMPOSTA"}'::jsonb),
  ('c7c7a612-0c7f-4510-a052-b3b574ddff36', 'c394e5a7-41e2-4e98-a022-4e1a8b99d32c', 'ARQUIVADO', '{"idProcesso":"c7c7a612-0c7f-4510-a052-b3b574ddff36","numeroAit":"A8902064","situacao":"ARQUIVADO"}'::jsonb),
  ('b6e97cf5-0029-4868-9903-0f88c9d89b7a', '2e87bde2-d66f-4897-ba45-fe1b1f4ed27a', 'PENALIDADE_IMPOSTA', '{"idProcesso":"b6e97cf5-0029-4868-9903-0f88c9d89b7a","numeroAit":"A3278914","situacao":"PENALIDADE_IMPOSTA"}'::jsonb),
  ('057e210f-8342-404f-9df1-f4b60b4c5b4f', 'd5901426-09fb-4873-86d5-6ec3ac8e79ca', 'AGUARDANDO_DEFESA_PREVIA', '{"idProcesso":"057e210f-8342-404f-9df1-f4b60b4c5b4f","numeroAit":"A1125870","situacao":"AGUARDANDO_DEFESA_PREVIA"}'::jsonb),
  ('d5f3544a-0800-4c37-9e39-e9d6ad9a2f0d', '95bbad98-bc3c-4b24-afc8-77043294793a', 'RECURSO_JARI_APRESENTADO', '{"idProcesso":"d5f3544a-0800-4c37-9e39-e9d6ad9a2f0d","numeroAit":"A4317319","situacao":"RECURSO_JARI_APRESENTADO"}'::jsonb),
  ('b3096b9f-993e-417d-b54c-9bd750d32bd4', 'ec52d26f-e1c6-4c16-b31a-34c8a482e4a8', 'PENALIDADE_IMPOSTA', '{"idProcesso":"b3096b9f-993e-417d-b54c-9bd750d32bd4","numeroAit":"A8526531","situacao":"PENALIDADE_IMPOSTA"}'::jsonb),
  ('fc8856ed-b0bd-46ba-b8a4-ec9d3c6bb747', 'b494c62d-1447-4b9e-a091-a931ea6d391c', 'AUTUACAO_ABERTA', '{"idProcesso":"fc8856ed-b0bd-46ba-b8a4-ec9d3c6bb747","numeroAit":"A8364622","situacao":"AUTUACAO_ABERTA"}'::jsonb),
  ('c9bb0616-efa3-42c6-a67c-118af64331c2', '3a9e2baf-5121-42b4-ba46-d36d3b5288b8', 'PENALIDADE_IMPOSTA', '{"idProcesso":"c9bb0616-efa3-42c6-a67c-118af64331c2","numeroAit":"A5729318","situacao":"PENALIDADE_IMPOSTA"}'::jsonb),
  ('24a82c1d-7fb3-4080-8b96-438cf841e79b', 'a864ced1-33ea-4d0c-913b-ecae150cd248', 'AGUARDANDO_DEFESA_PREVIA', '{"idProcesso":"24a82c1d-7fb3-4080-8b96-438cf841e79b","numeroAit":"A7439969","situacao":"AGUARDANDO_DEFESA_PREVIA"}'::jsonb),
  ('72a89234-16f2-4295-ab98-32590676a27e', '0c9b12e0-b5b7-45ac-9999-fe92f8a8f33b', 'NOTIFICADO_AUTUACAO', '{"idProcesso":"72a89234-16f2-4295-ab98-32590676a27e","numeroAit":"A0905658","situacao":"NOTIFICADO_AUTUACAO"}'::jsonb),
  ('68f0bfad-756f-4fef-a9db-4061f76b82ed', 'fe4bdcee-c8bb-430e-8f0c-c381e85e04a2', 'ARQUIVADO', '{"idProcesso":"68f0bfad-756f-4fef-a9db-4061f76b82ed","numeroAit":"A4075572","situacao":"ARQUIVADO"}'::jsonb),
  ('2a05f8c0-543b-4977-a84a-dd6b49fc407f', '19d5031b-9f64-4403-b3ed-ea5742bb304e', 'PENALIDADE_IMPOSTA', '{"idProcesso":"2a05f8c0-543b-4977-a84a-dd6b49fc407f","numeroAit":"A7215061","situacao":"PENALIDADE_IMPOSTA"}'::jsonb),
  ('b7fb8983-c5de-4ded-a887-407adeccd909', '5cac6389-6045-4247-a04a-9dc7fbe6a26a', 'AUTUACAO_ABERTA', '{"idProcesso":"b7fb8983-c5de-4ded-a887-407adeccd909","numeroAit":"A6435337","situacao":"AUTUACAO_ABERTA"}'::jsonb),
  ('6e8136b4-5d49-4c2a-8caf-222a58bb2053', 'e0bf67e5-7501-4cf7-9701-2a77619c3039', 'RECURSO_JARI_APRESENTADO', '{"idProcesso":"6e8136b4-5d49-4c2a-8caf-222a58bb2053","numeroAit":"A0678062","situacao":"RECURSO_JARI_APRESENTADO"}'::jsonb),
  ('d8aabfc3-b582-4865-90ba-578a47f70d6e', '7d880ff7-db7f-40fa-bd52-fcedf340d223', 'AUTUACAO_ABERTA', '{"idProcesso":"d8aabfc3-b582-4865-90ba-578a47f70d6e","numeroAit":"A9822022","situacao":"AUTUACAO_ABERTA"}'::jsonb),
  ('c70bcf27-8927-4c33-a115-16a79b8afd23', '735856f1-e1e7-4f95-8991-2ab84f85dbec', 'AGUARDANDO_DEFESA_PREVIA', '{"idProcesso":"c70bcf27-8927-4c33-a115-16a79b8afd23","numeroAit":"A1782997","situacao":"AGUARDANDO_DEFESA_PREVIA"}'::jsonb),
  ('c26d870a-07f7-4afb-95cf-9ec4316213a0', 'd268a757-5aeb-4db7-a193-7f68a2192a69', 'ARQUIVADO', '{"idProcesso":"c26d870a-07f7-4afb-95cf-9ec4316213a0","numeroAit":"A6593694","situacao":"ARQUIVADO"}'::jsonb),
  ('eabfb8e8-e6ce-4627-b52d-956d35ca2a07', '131335f2-3660-4a8b-b46a-b7a0dd6ef8b4', 'PENALIDADE_IMPOSTA', '{"idProcesso":"eabfb8e8-e6ce-4627-b52d-956d35ca2a07","numeroAit":"A4055526","situacao":"PENALIDADE_IMPOSTA"}'::jsonb),
  ('60f24630-d630-411f-a358-2b4c76e8490e', '0216923f-d7cb-4ddc-a250-2becb1460ac3', 'RECURSO_JARI_APRESENTADO', '{"idProcesso":"60f24630-d630-411f-a358-2b4c76e8490e","numeroAit":"A4989885","situacao":"RECURSO_JARI_APRESENTADO"}'::jsonb),
  ('4f85d698-dac6-42c0-a316-fca53d337cb8', 'fce1e425-7428-4cc7-ac40-0655a439cdaf', 'AGUARDANDO_DEFESA_PREVIA', '{"idProcesso":"4f85d698-dac6-42c0-a316-fca53d337cb8","numeroAit":"A0592645","situacao":"AGUARDANDO_DEFESA_PREVIA"}'::jsonb),
  ('4d265ed6-3ebd-4490-9c38-2e21ca60bdb5', '384b4edb-2334-44f4-aa0f-6fdd2d797d68', 'NOTIFICADO_AUTUACAO', '{"idProcesso":"4d265ed6-3ebd-4490-9c38-2e21ca60bdb5","numeroAit":"A0031079","situacao":"NOTIFICADO_AUTUACAO"}'::jsonb),
  ('0fcfd707-a3ac-4150-b03c-ee09f79dd4d8', '37885a15-1549-4221-b6d6-8de505e322a0', 'NOTIFICADO_AUTUACAO', '{"idProcesso":"0fcfd707-a3ac-4150-b03c-ee09f79dd4d8","numeroAit":"A4646776","situacao":"NOTIFICADO_AUTUACAO"}'::jsonb),
  ('36941ea3-d67b-4c65-83ec-0b697d20e17e', '57b84134-d969-469c-b2ed-2b556cf81a14', 'RECURSO_JARI_APRESENTADO', '{"idProcesso":"36941ea3-d67b-4c65-83ec-0b697d20e17e","numeroAit":"A8775222","situacao":"RECURSO_JARI_APRESENTADO"}'::jsonb),
  ('741ec002-8aa3-4b4a-8800-7562f0257221', '47811b6b-8b5d-4f85-ad99-4bc57439f05c', 'NOTIFICADO_AUTUACAO', '{"idProcesso":"741ec002-8aa3-4b4a-8800-7562f0257221","numeroAit":"A8302673","situacao":"NOTIFICADO_AUTUACAO"}'::jsonb),
  ('cc94511b-f9d0-40bc-93f1-42a12485e9aa', '71e72bb2-d9f2-442e-8ede-ede9b716a644', 'AGUARDANDO_DEFESA_PREVIA', '{"idProcesso":"cc94511b-f9d0-40bc-93f1-42a12485e9aa","numeroAit":"A1599539","situacao":"AGUARDANDO_DEFESA_PREVIA"}'::jsonb),
  ('44aec486-2de6-4917-a78b-55b82a592e47', '66308388-5067-462d-aca5-0b9ed883c77f', 'PENALIDADE_IMPOSTA', '{"idProcesso":"44aec486-2de6-4917-a78b-55b82a592e47","numeroAit":"A7018529","situacao":"PENALIDADE_IMPOSTA"}'::jsonb),
  ('cc93f81c-8f9a-44d8-9c0d-9299776edf57', '1148d651-cabe-4274-8819-2eba12c1de5a', 'AGUARDANDO_DEFESA_PREVIA', '{"idProcesso":"cc93f81c-8f9a-44d8-9c0d-9299776edf57","numeroAit":"A6867845","situacao":"AGUARDANDO_DEFESA_PREVIA"}'::jsonb),
  ('c281a1f0-2700-4ab6-80da-a07172843455', 'e96b3b54-564e-47ac-8272-b25c451d7970', 'RECURSO_JARI_APRESENTADO', '{"idProcesso":"c281a1f0-2700-4ab6-80da-a07172843455","numeroAit":"A1814169","situacao":"RECURSO_JARI_APRESENTADO"}'::jsonb),
  ('dc4fb4f0-77b9-4e4f-b850-72e85f572899', 'f87abfd7-8460-4abc-9700-752913268c57', 'ARQUIVADO', '{"idProcesso":"dc4fb4f0-77b9-4e4f-b850-72e85f572899","numeroAit":"A4274185","situacao":"ARQUIVADO"}'::jsonb),
  ('c2dc4c63-6999-455e-b342-e6e49ef451c2', '747a4aff-ac07-4c0e-95b5-048244dfc0ac', 'NOTIFICADO_AUTUACAO', '{"idProcesso":"c2dc4c63-6999-455e-b342-e6e49ef451c2","numeroAit":"A7311484","situacao":"NOTIFICADO_AUTUACAO"}'::jsonb),
  ('0e1946f0-c3ab-418e-b3aa-022146bcc55f', 'd79cb887-fac8-4c31-8fea-43f26d7c0c22', 'RECURSO_JARI_APRESENTADO', '{"idProcesso":"0e1946f0-c3ab-418e-b3aa-022146bcc55f","numeroAit":"A4151548","situacao":"RECURSO_JARI_APRESENTADO"}'::jsonb),
  ('d187f239-f114-4943-8bc0-68f253ddb400', '0cc562ac-e7cb-417a-89e2-bf520cc057c4', 'AUTUACAO_ABERTA', '{"idProcesso":"d187f239-f114-4943-8bc0-68f253ddb400","numeroAit":"A0075230","situacao":"AUTUACAO_ABERTA"}'::jsonb),
  ('1a7be9b0-cfcf-4fde-91e1-47d13b5c393d', 'd461070f-ff77-49f5-af3c-15e50ce60df6', 'RECURSO_JARI_APRESENTADO', '{"idProcesso":"1a7be9b0-cfcf-4fde-91e1-47d13b5c393d","numeroAit":"A1752658","situacao":"RECURSO_JARI_APRESENTADO"}'::jsonb),
  ('e5ea8ecc-1672-4b1d-8a2f-98c582811762', 'a0a6661f-e8e0-494f-bae5-b9101d350f11', 'AUTUACAO_ABERTA', '{"idProcesso":"e5ea8ecc-1672-4b1d-8a2f-98c582811762","numeroAit":"A8075771","situacao":"AUTUACAO_ABERTA"}'::jsonb),
  ('c21bc687-35dc-4df0-adc6-d0fddb44cf3a', 'a137dfde-63d6-4b95-867a-076c2662e426', 'AGUARDANDO_DEFESA_PREVIA', '{"idProcesso":"c21bc687-35dc-4df0-adc6-d0fddb44cf3a","numeroAit":"A3604465","situacao":"AGUARDANDO_DEFESA_PREVIA"}'::jsonb),
  ('d7ae9c43-c673-4efb-bd49-73907556e84b', '129505de-3568-4465-bd55-be502a0f6231', 'AUTUACAO_ABERTA', '{"idProcesso":"d7ae9c43-c673-4efb-bd49-73907556e84b","numeroAit":"A1224801","situacao":"AUTUACAO_ABERTA"}'::jsonb),
  ('99f9e271-62d8-47f5-a8bc-1acac785e3db', '71b84baa-33ca-43c5-ae8f-cf9d9245d269', 'RECURSO_JARI_APRESENTADO', '{"idProcesso":"99f9e271-62d8-47f5-a8bc-1acac785e3db","numeroAit":"A6094703","situacao":"RECURSO_JARI_APRESENTADO"}'::jsonb),
  ('d333a2a0-b57e-4c7d-b236-32460993aa81', 'f4edf1c0-7777-433a-a9f3-99ccfaf2769c', 'ARQUIVADO', '{"idProcesso":"d333a2a0-b57e-4c7d-b236-32460993aa81","numeroAit":"A5931777","situacao":"ARQUIVADO"}'::jsonb),
  ('63b159cc-1804-46cc-8745-405b709b3931', '3929db4c-fd55-46c1-b67b-c56ed4649ca1', 'AUTUACAO_ABERTA', '{"idProcesso":"63b159cc-1804-46cc-8745-405b709b3931","numeroAit":"A1671991","situacao":"AUTUACAO_ABERTA"}'::jsonb),
  ('f74af898-f761-4ac3-b410-45a5e99386cc', 'b82533f7-eeb0-4fb4-b1db-47cc29096a1a', 'PENALIDADE_IMPOSTA', '{"idProcesso":"f74af898-f761-4ac3-b410-45a5e99386cc","numeroAit":"A8395616","situacao":"PENALIDADE_IMPOSTA"}'::jsonb),
  ('cafce405-e803-4644-a2cd-b418509b0d9c', 'da51db2f-b65c-447e-bcff-b0905843b0b1', 'RECURSO_JARI_APRESENTADO', '{"idProcesso":"cafce405-e803-4644-a2cd-b418509b0d9c","numeroAit":"A1086514","situacao":"RECURSO_JARI_APRESENTADO"}'::jsonb);

insert into renainf.debito (processo_id, valor, situacao_pagamento, data_vencimento, payload) values
  ('965c5417-3717-4603-b787-f3ba6a247feb', 1190.00, 'QUITADO', '2026-09-23', '{"idProcesso":"965c5417-3717-4603-b787-f3ba6a247feb","valor":195.23,"situacaoPagamento":"EM_ABERTO"}'::jsonb),
  ('040f2c81-07fb-41ea-940d-2b8465b835bc', 1576.00, 'QUITADO', '2025-12-02', '{"idProcesso":"040f2c81-07fb-41ea-940d-2b8465b835bc","valor":195.23,"situacaoPagamento":"EM_ABERTO"}'::jsonb),
  ('03fe1b8c-d87d-44c9-8b2f-606674eed68d', 220.00, 'EM_ABERTO', '2025-11-27', '{"idProcesso":"03fe1b8c-d87d-44c9-8b2f-606674eed68d","valor":195.23,"situacaoPagamento":"EM_ABERTO"}'::jsonb),
  ('50559d20-59d0-456d-93ea-c8355a845f4b', 1827.00, 'QUITADO', '2026-07-16', '{"idProcesso":"50559d20-59d0-456d-93ea-c8355a845f4b","valor":195.23,"situacaoPagamento":"EM_ABERTO"}'::jsonb),
  ('03995599-5fef-4ba8-bcc1-2d0ffd5abad5', 1275.00, 'EM_ABERTO', '2025-11-26', '{"idProcesso":"03995599-5fef-4ba8-bcc1-2d0ffd5abad5","valor":195.23,"situacaoPagamento":"EM_ABERTO"}'::jsonb),
  ('43e59637-5fdd-482c-b1fa-b8dca157525c', 164.00, 'QUITADO', '2025-06-06', '{"idProcesso":"43e59637-5fdd-482c-b1fa-b8dca157525c","valor":195.23,"situacaoPagamento":"EM_ABERTO"}'::jsonb),
  ('e402b82c-8f68-4d0e-87ed-2e9a484ec074', 478.00, 'EM_ABERTO', '2025-07-24', '{"idProcesso":"e402b82c-8f68-4d0e-87ed-2e9a484ec074","valor":195.23,"situacaoPagamento":"EM_ABERTO"}'::jsonb),
  ('c11d2060-b84f-4a5b-88d8-568728cd4ed7', 1019.00, 'EM_ABERTO', '2025-09-20', '{"idProcesso":"c11d2060-b84f-4a5b-88d8-568728cd4ed7","valor":195.23,"situacaoPagamento":"EM_ABERTO"}'::jsonb),
  ('4ee28ffb-02fd-41bd-be26-ea69b9d12e98', 540.00, 'EM_ABERTO', '2025-03-27', '{"idProcesso":"4ee28ffb-02fd-41bd-be26-ea69b9d12e98","valor":195.23,"situacaoPagamento":"EM_ABERTO"}'::jsonb),
  ('0d9f81a0-65b2-4909-aef2-a429ec35c354', 902.00, 'QUITADO', '2025-01-07', '{"idProcesso":"0d9f81a0-65b2-4909-aef2-a429ec35c354","valor":195.23,"situacaoPagamento":"EM_ABERTO"}'::jsonb),
  ('776b1613-4d30-4960-94a1-1950a6af0757', 1647.00, 'QUITADO', '2026-05-05', '{"idProcesso":"776b1613-4d30-4960-94a1-1950a6af0757","valor":195.23,"situacaoPagamento":"EM_ABERTO"}'::jsonb),
  ('f5a37dbb-8879-4558-b2e2-59733fbce871', 608.00, 'EM_ABERTO', '2025-12-25', '{"idProcesso":"f5a37dbb-8879-4558-b2e2-59733fbce871","valor":195.23,"situacaoPagamento":"EM_ABERTO"}'::jsonb),
  ('c7c7a612-0c7f-4510-a052-b3b574ddff36', 1340.00, 'QUITADO', '2025-09-26', '{"idProcesso":"c7c7a612-0c7f-4510-a052-b3b574ddff36","valor":195.23,"situacaoPagamento":"EM_ABERTO"}'::jsonb),
  ('b6e97cf5-0029-4868-9903-0f88c9d89b7a', 1130.00, 'EM_ABERTO', '2026-06-20', '{"idProcesso":"b6e97cf5-0029-4868-9903-0f88c9d89b7a","valor":195.23,"situacaoPagamento":"EM_ABERTO"}'::jsonb),
  ('d5f3544a-0800-4c37-9e39-e9d6ad9a2f0d', 1186.00, 'EM_ABERTO', '2025-11-15', '{"idProcesso":"d5f3544a-0800-4c37-9e39-e9d6ad9a2f0d","valor":195.23,"situacaoPagamento":"EM_ABERTO"}'::jsonb),
  ('b3096b9f-993e-417d-b54c-9bd750d32bd4', 1593.00, 'QUITADO', '2025-03-18', '{"idProcesso":"b3096b9f-993e-417d-b54c-9bd750d32bd4","valor":195.23,"situacaoPagamento":"EM_ABERTO"}'::jsonb),
  ('c9bb0616-efa3-42c6-a67c-118af64331c2', 1478.00, 'QUITADO', '2025-12-07', '{"idProcesso":"c9bb0616-efa3-42c6-a67c-118af64331c2","valor":195.23,"situacaoPagamento":"EM_ABERTO"}'::jsonb),
  ('68f0bfad-756f-4fef-a9db-4061f76b82ed', 1201.00, 'EM_ABERTO', '2025-03-15', '{"idProcesso":"68f0bfad-756f-4fef-a9db-4061f76b82ed","valor":195.23,"situacaoPagamento":"EM_ABERTO"}'::jsonb),
  ('2a05f8c0-543b-4977-a84a-dd6b49fc407f', 1398.00, 'EM_ABERTO', '2026-08-15', '{"idProcesso":"2a05f8c0-543b-4977-a84a-dd6b49fc407f","valor":195.23,"situacaoPagamento":"EM_ABERTO"}'::jsonb),
  ('6e8136b4-5d49-4c2a-8caf-222a58bb2053', 1848.00, 'QUITADO', '2025-09-24', '{"idProcesso":"6e8136b4-5d49-4c2a-8caf-222a58bb2053","valor":195.23,"situacaoPagamento":"EM_ABERTO"}'::jsonb),
  ('c26d870a-07f7-4afb-95cf-9ec4316213a0', 1500.00, 'EM_ABERTO', '2025-11-10', '{"idProcesso":"c26d870a-07f7-4afb-95cf-9ec4316213a0","valor":195.23,"situacaoPagamento":"EM_ABERTO"}'::jsonb),
  ('eabfb8e8-e6ce-4627-b52d-956d35ca2a07', 368.00, 'EM_ABERTO', '2025-02-08', '{"idProcesso":"eabfb8e8-e6ce-4627-b52d-956d35ca2a07","valor":195.23,"situacaoPagamento":"EM_ABERTO"}'::jsonb),
  ('60f24630-d630-411f-a358-2b4c76e8490e', 1634.00, 'QUITADO', '2026-02-27', '{"idProcesso":"60f24630-d630-411f-a358-2b4c76e8490e","valor":195.23,"situacaoPagamento":"EM_ABERTO"}'::jsonb),
  ('36941ea3-d67b-4c65-83ec-0b697d20e17e', 1277.00, 'EM_ABERTO', '2026-07-02', '{"idProcesso":"36941ea3-d67b-4c65-83ec-0b697d20e17e","valor":195.23,"situacaoPagamento":"EM_ABERTO"}'::jsonb),
  ('44aec486-2de6-4917-a78b-55b82a592e47', 1286.00, 'EM_ABERTO', '2025-06-07', '{"idProcesso":"44aec486-2de6-4917-a78b-55b82a592e47","valor":195.23,"situacaoPagamento":"EM_ABERTO"}'::jsonb),
  ('c281a1f0-2700-4ab6-80da-a07172843455', 297.00, 'QUITADO', '2025-02-28', '{"idProcesso":"c281a1f0-2700-4ab6-80da-a07172843455","valor":195.23,"situacaoPagamento":"EM_ABERTO"}'::jsonb),
  ('dc4fb4f0-77b9-4e4f-b850-72e85f572899', 1340.00, 'QUITADO', '2026-12-26', '{"idProcesso":"dc4fb4f0-77b9-4e4f-b850-72e85f572899","valor":195.23,"situacaoPagamento":"EM_ABERTO"}'::jsonb),
  ('0e1946f0-c3ab-418e-b3aa-022146bcc55f', 1413.00, 'EM_ABERTO', '2025-08-28', '{"idProcesso":"0e1946f0-c3ab-418e-b3aa-022146bcc55f","valor":195.23,"situacaoPagamento":"EM_ABERTO"}'::jsonb),
  ('1a7be9b0-cfcf-4fde-91e1-47d13b5c393d', 1998.00, 'QUITADO', '2026-08-27', '{"idProcesso":"1a7be9b0-cfcf-4fde-91e1-47d13b5c393d","valor":195.23,"situacaoPagamento":"EM_ABERTO"}'::jsonb),
  ('99f9e271-62d8-47f5-a8bc-1acac785e3db', 689.00, 'QUITADO', '2025-08-25', '{"idProcesso":"99f9e271-62d8-47f5-a8bc-1acac785e3db","valor":195.23,"situacaoPagamento":"EM_ABERTO"}'::jsonb),
  ('d333a2a0-b57e-4c7d-b236-32460993aa81', 897.00, 'QUITADO', '2025-04-14', '{"idProcesso":"d333a2a0-b57e-4c7d-b236-32460993aa81","valor":195.23,"situacaoPagamento":"EM_ABERTO"}'::jsonb),
  ('f74af898-f761-4ac3-b410-45a5e99386cc', 1016.00, 'EM_ABERTO', '2025-07-10', '{"idProcesso":"f74af898-f761-4ac3-b410-45a5e99386cc","valor":195.23,"situacaoPagamento":"EM_ABERTO"}'::jsonb),
  ('cafce405-e803-4644-a2cd-b418509b0d9c', 925.00, 'QUITADO', '2025-09-24', '{"idProcesso":"cafce405-e803-4644-a2cd-b418509b0d9c","valor":195.23,"situacaoPagamento":"EM_ABERTO"}'::jsonb);

