-- SENATRAN mock seed — RENAINF (generated).
insert into renainf.dispositivo (id_dispositivo, codigo_orgao_autuador, homologado, ativo, payload) values
  ('DEV-0001', '999999', true, true, '{"idDispositivo":"DEV-0001","codigoOrgaoAutuador":"999999","homologado":true,"ativo":true}'::jsonb),
  ('DEV-0002', '447010', true, true, '{"idDispositivo":"DEV-0002","codigoOrgaoAutuador":"447010","homologado":true,"ativo":true}'::jsonb),
  ('DEV-0003', '380090', false, true, '{"idDispositivo":"DEV-0003","codigoOrgaoAutuador":"380090","homologado":false,"ativo":true}'::jsonb),
  ('DEV-0004', '447010', false, true, '{"idDispositivo":"DEV-0004","codigoOrgaoAutuador":"447010","homologado":false,"ativo":true}'::jsonb),
  ('DEV-0005', '447010', true, true, '{"idDispositivo":"DEV-0005","codigoOrgaoAutuador":"447010","homologado":true,"ativo":true}'::jsonb),
  ('DEV-0006', '204020', true, true, '{"idDispositivo":"DEV-0006","codigoOrgaoAutuador":"204020","homologado":true,"ativo":true}'::jsonb),
  ('DEV-0007', '204020', true, false, '{"idDispositivo":"DEV-0007","codigoOrgaoAutuador":"204020","homologado":true,"ativo":false}'::jsonb),
  ('DEV-0008', '999999', true, true, '{"idDispositivo":"DEV-0008","codigoOrgaoAutuador":"999999","homologado":true,"ativo":true}'::jsonb),
  ('DEV-0009', '150070', true, true, '{"idDispositivo":"DEV-0009","codigoOrgaoAutuador":"150070","homologado":true,"ativo":true}'::jsonb),
  ('DEV-0010', '150070', true, true, '{"idDispositivo":"DEV-0010","codigoOrgaoAutuador":"150070","homologado":true,"ativo":true}'::jsonb),
  ('DEV-0011', '204020', true, true, '{"idDispositivo":"DEV-0011","codigoOrgaoAutuador":"204020","homologado":true,"ativo":true}'::jsonb),
  ('DEV-0012', '447010', true, true, '{"idDispositivo":"DEV-0012","codigoOrgaoAutuador":"447010","homologado":true,"ativo":true}'::jsonb),
  ('DEV-0013', '150070', false, false, '{"idDispositivo":"DEV-0013","codigoOrgaoAutuador":"150070","homologado":false,"ativo":false}'::jsonb),
  ('DEV-0014', '380090', true, true, '{"idDispositivo":"DEV-0014","codigoOrgaoAutuador":"380090","homologado":true,"ativo":true}'::jsonb),
  ('DEV-0015', '999999', false, true, '{"idDispositivo":"DEV-0015","codigoOrgaoAutuador":"999999","homologado":false,"ativo":true}'::jsonb);

insert into renainf.ait (id, numero_ait, codigo_orgao_autuador, situacao, placa, codigo_infracao, data_infracao, cpf_agente, id_dispositivo, payload) values
  ('3811516a-79b8-4afd-83a8-f5af6fc26d87', 'A0001001', '447010', 'AUTUACAO_ABERTA', 'EXD4A36', '56355', '2024-08-01T11:57:00.000Z', '46973379567', 'DEV-0014', '{"numeroAit":"A0001001","codigoOrgaoAutuador":"447010","placa":"EXD4A36","codigoInfracao":"56355","situacao":"NOTIFICADO_AUTUACAO"}'::jsonb),
  ('52d956d3-5ca2-4a07-9fde-de8c60f24630', 'A6213333', '150070', 'AUTUACAO_ABERTA', 'GWH1Z85', '76068', '2025-05-06T01:06:00.000Z', '09513516210', 'DEV-0012', '{"numeroAit":"A6213333","codigoOrgaoAutuador":"150070","placa":"GWH1Z85","codigoInfracao":"76068","situacao":"ARQUIVADO"}'::jsonb),
  ('337cb810-521c-4e24-b265-ed63ebd4907c', 'A4391295', '380090', 'AUTUACAO_ABERTA', 'GJN2742', '75571', '2024-07-05T21:09:00.000Z', '17630786395', 'DEV-0008', '{"numeroAit":"A4391295","codigoOrgaoAutuador":"380090","placa":"GJN2742","codigoInfracao":"75571","situacao":"RECURSO_JARI_APRESENTADO"}'::jsonb),
  ('9333c369-41ea-43d6-9bc6-523ec0b697d2', 'A3059263', '447010', 'VALIDADO', 'MEV1209', '73936', '2024-11-04T11:56:00.000Z', '83026732427', 'DEV-0005', '{"numeroAit":"A3059263","codigoOrgaoAutuador":"447010","placa":"MEV1209","codigoInfracao":"73936","situacao":"AUTUACAO_ABERTA"}'::jsonb),
  ('5f6cc945-11bf-49d0-8bc6-3f142a12485e', 'A8957955', '999999', 'VALIDADO', 'BSS4H16', '65743', '2025-08-19T17:03:00.000Z', '18529522613', 'DEV-0014', '{"numeroAit":"A8957955","codigoOrgaoAutuador":"999999","placa":"BSS4H16","codigoInfracao":"65743","situacao":"AUTUACAO_ABERTA"}'::jsonb),
  ('7cc93f81-c8f9-4a4d-a5c0-d9299776edf5', 'A8880719', '150070', 'AUTUACAO_ABERTA', 'CET3F39', '66501', '2024-03-25T03:24:00.000Z', '16978150657', 'DEV-0002', '{"numeroAit":"A8880719","codigoOrgaoAutuador":"150070","placa":"CET3F39","codigoInfracao":"66501","situacao":"ARQUIVADO"}'::jsonb),
  ('77b9e4ff-8507-42e8-9f57-2899c6227d73', 'A4146687', '999999', 'AUTUACAO_ABERTA', 'ZTJ0L04', '50289', '2025-03-24T18:15:00.000Z', '74245563397', 'DEV-0014', '{"numeroAit":"A4146687","codigoOrgaoAutuador":"999999","placa":"ZTJ0L04","codigoInfracao":"50289","situacao":"PENALIDADE_IMPOSTA"}'::jsonb),
  ('aa022146-bcc5-45f0-8b84-500d187f239f', 'A3056668', '999999', 'VALIDADO', 'XGD4C51', '56374', '2024-02-09T14:16:00.000Z', '21770459162', 'DEV-0006', '{"numeroAit":"A3056668","codigoOrgaoAutuador":"999999","placa":"XGD4C51","codigoInfracao":"56374","situacao":"AUTUACAO_ABERTA"}'::jsonb),
  ('47d13b5c-393d-4e1c-acc1-2e5ea8ecc167', 'A8182949', '999999', 'AUTUACAO_ABERTA', 'TBT3V40', '53724', '2024-09-04T19:09:00.000Z', '61955735158', 'DEV-0008', '{"numeroAit":"A8182949","codigoOrgaoAutuador":"999999","placa":"TBT3V40","codigoInfracao":"53724","situacao":"PENALIDADE_IMPOSTA"}'::jsonb),
  ('f3a1447e-130d-47ae-ac43-c673efbdd497', 'A6475654', '380090', 'VALIDADO', 'PUH8209', '72815', '2024-08-01T10:20:00.000Z', '34853760946', 'DEV-0008', '{"numeroAit":"A6475654","codigoOrgaoAutuador":"380090","placa":"PUH8209","codigoInfracao":"72815","situacao":"AUTUACAO_ABERTA"}'::jsonb),
  ('b8e62bbb-ed33-43a2-a0b5-7ec7dd236324', 'A6044759', '204020', 'VALIDADO', 'NAX7Y43', '74516', '2024-01-17T13:14:00.000Z', '66501671930', 'DEV-0015', '{"numeroAit":"A6044759","codigoOrgaoAutuador":"204020","placa":"NAX7Y43","codigoInfracao":"74516","situacao":"AUTUACAO_ABERTA"}'::jsonb),
  ('4e8a2a8f-74af-4898-b761-ac3f41045a5e', 'A1914490', '204020', 'VALIDADO', 'PCB4M79', '74002', '2025-08-06T12:22:00.000Z', '77108651432', 'DEV-0012', '{"numeroAit":"A1914490","codigoOrgaoAutuador":"204020","placa":"PCB4M79","codigoInfracao":"74002","situacao":"AUTUACAO_ABERTA"}'::jsonb),
  ('b9666f2d-9d16-46ee-8d80-6c414ca8fbf3', 'A1353157', '999999', 'AUTUACAO_ABERTA', 'SPF9V26', '70006', '2024-02-18T20:28:00.000Z', '51717268501', 'DEV-0013', '{"numeroAit":"A1353157","codigoOrgaoAutuador":"999999","placa":"SPF9V26","codigoInfracao":"70006","situacao":"RECURSO_JARI_APRESENTADO"}'::jsonb),
  ('3747497c-0bee-4fc4-8a65-32bae0ddcfc8', 'A4061125', '447010', 'AUTUACAO_ABERTA', 'ELJ8179', '51775', '2025-11-02T09:40:00.000Z', '57773195480', 'DEV-0006', '{"numeroAit":"A4061125","codigoOrgaoAutuador":"447010","placa":"ELJ8179","codigoInfracao":"51775","situacao":"PENALIDADE_IMPOSTA"}'::jsonb),
  ('6d222207-ca57-425f-99ce-295d163473a0', 'A8270483', '204020', 'AUTUACAO_ABERTA', 'IND1I01', '51967', '2024-09-24T16:37:00.000Z', '78797230057', 'DEV-0015', '{"numeroAit":"A8270483","codigoOrgaoAutuador":"204020","placa":"IND1I01","codigoInfracao":"51967","situacao":"ARQUIVADO"}'::jsonb),
  ('7658b8ff-a612-4092-86bc-fd54e2a8a4a9', 'A9615488', '150070', 'AUTUACAO_ABERTA', 'XPY0515', '62312', '2025-12-24T23:27:00.000Z', '48675364318', 'DEV-0012', '{"numeroAit":"A9615488","codigoOrgaoAutuador":"150070","placa":"XPY0515","codigoInfracao":"62312","situacao":"NOTIFICADO_AUTUACAO"}'::jsonb),
  ('6ef0be28-66ba-4698-8fad-d164a50dffe4', 'A7530121', '150070', 'VALIDADO', 'VNT9W97', '51403', '2025-08-14T02:29:00.000Z', '64303551449', 'DEV-0002', '{"numeroAit":"A7530121","codigoOrgaoAutuador":"150070","placa":"VNT9W97","codigoInfracao":"51403","situacao":"AUTUACAO_ABERTA"}'::jsonb),
  ('fd3f4e8a-df0f-4627-bfab-e7bc014b0c82', 'A3898787', '150070', 'AUTUACAO_ABERTA', 'PYY9E31', '67448', '2024-05-14T08:43:00.000Z', '09490282820', 'DEV-0007', '{"numeroAit":"A3898787","codigoOrgaoAutuador":"150070","placa":"PYY9E31","codigoInfracao":"67448","situacao":"NOTIFICADO_AUTUACAO"}'::jsonb),
  ('ac20ef9e-6c2e-4af1-945e-96395dae5d94', 'A8333055', '447010', 'AUTUACAO_ABERTA', 'XNC3F44', '74398', '2025-09-14T09:15:00.000Z', '97747144903', 'DEV-0012', '{"numeroAit":"A8333055","codigoOrgaoAutuador":"447010","placa":"XNC3F44","codigoInfracao":"74398","situacao":"PENALIDADE_IMPOSTA"}'::jsonb),
  ('9985d548-9efa-415b-a847-b407c54fa3dc', 'A1399459', '204020', 'AUTUACAO_ABERTA', 'LPZ1L28', '69716', '2025-04-23T06:16:00.000Z', '01540571424', 'DEV-0010', '{"numeroAit":"A1399459","codigoOrgaoAutuador":"204020","placa":"LPZ1L28","codigoInfracao":"69716","situacao":"NOTIFICADO_AUTUACAO"}'::jsonb),
  ('f74e8833-859c-45d5-9e7f-0322ef556bc4', 'A8031037', '999999', 'AUTUACAO_ABERTA', 'ZXG7411', '79741', '2024-10-24T19:04:00.000Z', '78835308526', 'DEV-0009', '{"numeroAit":"A8031037","codigoOrgaoAutuador":"999999","placa":"ZXG7411","codigoInfracao":"79741","situacao":"AGUARDANDO_DEFESA_PREVIA"}'::jsonb),
  ('de19e7c6-96cf-454a-bc05-98626b6bfcbc', 'A8709878', '204020', 'AUTUACAO_ABERTA', 'MFN7M27', '55700', '2024-09-11T05:36:00.000Z', '77614088158', 'DEV-0004', '{"numeroAit":"A8709878","codigoOrgaoAutuador":"204020","placa":"MFN7M27","codigoInfracao":"55700","situacao":"PENALIDADE_IMPOSTA"}'::jsonb),
  ('734350d1-ece4-4678-a3e2-c5d797efb073', 'A9798525', '447010', 'VALIDADO', 'NFE8947', '56018', '2025-11-01T19:33:00.000Z', '10308301420', 'DEV-0009', '{"numeroAit":"A9798525","codigoOrgaoAutuador":"447010","placa":"NFE8947","codigoInfracao":"56018","situacao":"AUTUACAO_ABERTA"}'::jsonb),
  ('0d0a3638-d8ff-499b-bfd6-446468362f93', 'A2739000', '447010', 'AUTUACAO_ABERTA', 'KPD6900', '64680', '2024-02-15T22:34:00.000Z', '75532389705', 'DEV-0005', '{"numeroAit":"A2739000","codigoOrgaoAutuador":"447010","placa":"KPD6900","codigoInfracao":"64680","situacao":"AGUARDANDO_DEFESA_PREVIA"}'::jsonb),
  ('42e4bc5d-bb8a-4cce-8c4f-82faed66401e', 'A5078454', '150070', 'AUTUACAO_ABERTA', 'JMZ0X89', '53559', '2024-06-23T23:16:00.000Z', '69388733720', 'DEV-0015', '{"numeroAit":"A5078454","codigoOrgaoAutuador":"150070","placa":"JMZ0X89","codigoInfracao":"53559","situacao":"PENALIDADE_IMPOSTA"}'::jsonb),
  ('6bbf8cfd-6ffd-47b6-9828-9469c43a1a1d', 'A7813296', '380090', 'AUTUACAO_ABERTA', 'XFM9E78', '54442', '2025-10-09T16:40:00.000Z', '95725758800', 'DEV-0006', '{"numeroAit":"A7813296","codigoOrgaoAutuador":"380090","placa":"XFM9E78","codigoInfracao":"54442","situacao":"NOTIFICADO_AUTUACAO"}'::jsonb),
  ('9d30a765-b972-49e2-b762-a36bf70ddf98', 'A8478023', '447010', 'AUTUACAO_ABERTA', 'ZAB5U39', '66103', '2025-03-03T18:03:00.000Z', '30684430320', 'DEV-0005', '{"numeroAit":"A8478023","codigoOrgaoAutuador":"447010","placa":"ZAB5U39","codigoInfracao":"66103","situacao":"AGUARDANDO_DEFESA_PREVIA"}'::jsonb),
  ('8aba734b-b108-4cdf-b2ab-77000292c5d4', 'A1913279', '150070', 'AUTUACAO_ABERTA', 'PVW7J20', '59933', '2024-02-06T05:26:00.000Z', '24404031807', 'DEV-0001', '{"numeroAit":"A1913279","codigoOrgaoAutuador":"150070","placa":"PVW7J20","codigoInfracao":"59933","situacao":"ARQUIVADO"}'::jsonb),
  ('91fc9507-7721-491b-9b18-6cabc6180a55', 'A4402945', '204020', 'AUTUACAO_ABERTA', 'BRH9785', '61213', '2024-12-07T10:28:00.000Z', '36837639650', 'DEV-0002', '{"numeroAit":"A4402945","codigoOrgaoAutuador":"204020","placa":"BRH9785","codigoInfracao":"61213","situacao":"AGUARDANDO_DEFESA_PREVIA"}'::jsonb),
  ('385e3423-f30c-4354-9d0d-05f331f7becb', 'A6096320', '999999', 'AUTUACAO_ABERTA', 'LSE9E06', '50051', '2025-07-24T06:07:00.000Z', '33590445092', 'DEV-0006', '{"numeroAit":"A6096320","codigoOrgaoAutuador":"999999","placa":"LSE9E06","codigoInfracao":"50051","situacao":"ARQUIVADO"}'::jsonb),
  ('6d2c6d11-36a3-4127-9efe-7a3223540e15', 'A1182450', '999999', 'VALIDADO', 'MSL5Y87', '65715', '2025-10-23T21:10:00.000Z', '90295862068', 'DEV-0006', '{"numeroAit":"A1182450","codigoOrgaoAutuador":"999999","placa":"MSL5Y87","codigoInfracao":"65715","situacao":"AUTUACAO_ABERTA"}'::jsonb),
  ('25e8c985-9a6d-4986-8641-eed4eb142d6a', 'A8285161', '204020', 'AUTUACAO_ABERTA', 'FPN3D53', '68185', '2025-03-03T00:05:00.000Z', '68947467294', 'DEV-0006', '{"numeroAit":"A8285161","codigoOrgaoAutuador":"204020","placa":"FPN3D53","codigoInfracao":"68185","situacao":"ARQUIVADO"}'::jsonb),
  ('bf6f776e-199e-4f48-904d-0b0062d9dc26', 'A3820434', '204020', 'AUTUACAO_ABERTA', 'ZXG7411', '53617', '2025-01-16T18:55:00.000Z', '93482420599', 'DEV-0005', '{"numeroAit":"A3820434","codigoOrgaoAutuador":"204020","placa":"ZXG7411","codigoInfracao":"53617","situacao":"ARQUIVADO"}'::jsonb),
  ('538b426f-d1a6-48ac-894e-5a741e2e98b0', 'A0338228', '150070', 'AUTUACAO_ABERTA', 'HZN0V41', '58486', '2024-02-08T21:07:00.000Z', '65755821763', 'DEV-0015', '{"numeroAit":"A0338228","codigoOrgaoAutuador":"150070","placa":"HZN0V41","codigoInfracao":"58486","situacao":"RECURSO_JARI_APRESENTADO"}'::jsonb),
  ('a814aa4a-eaa7-4c42-b87b-de2d66f897da', 'A9765978', '999999', 'VALIDADO', 'SPF9V26', '75817', '2024-04-27T22:07:00.000Z', '71928814654', 'DEV-0005', '{"numeroAit":"A9765978","codigoOrgaoAutuador":"999999","placa":"SPF9V26","codigoInfracao":"75817","situacao":"AUTUACAO_ABERTA"}'::jsonb),
  ('366d5a02-e348-44a6-a41f-b4d590142609', 'A8518709', '380090', 'AUTUACAO_ABERTA', 'ZXG7411', '76349', '2025-09-16T11:14:00.000Z', '03834872695', 'DEV-0012', '{"numeroAit":"A8518709","codigoOrgaoAutuador":"380090","placa":"ZXG7411","codigoInfracao":"76349","situacao":"PENALIDADE_IMPOSTA"}'::jsonb),
  ('81f0750f-1158-4259-9bba-d98bc3cb24af', 'A5809149', '204020', 'AUTUACAO_ABERTA', 'UFN3C40', '61449', '2025-07-14T11:00:00.000Z', '22162452677', 'DEV-0004', '{"numeroAit":"A5809149","codigoOrgaoAutuador":"204020","placa":"UFN3C40","codigoInfracao":"61449","situacao":"ARQUIVADO"}'::jsonb),
  ('11ef942e-8c29-457e-b52d-26fe1c6c16e3', 'A9760958', '204020', 'AUTUACAO_ABERTA', 'WGB9111', '74884', '2024-09-07T06:47:00.000Z', '56251826550', 'DEV-0002', '{"numeroAit":"A9760958","codigoOrgaoAutuador":"204020","placa":"WGB9111","codigoInfracao":"74884","situacao":"NOTIFICADO_AUTUACAO"}'::jsonb),
  ('e1880b7a-308c-4953-aee4-4eb494c62d14', 'A9111247', '204020', 'AUTUACAO_ABERTA', 'GCE0N79', '67792', '2024-06-21T13:54:00.000Z', '60616620845', 'DEV-0010', '{"numeroAit":"A9111247","codigoOrgaoAutuador":"204020","placa":"GCE0N79","codigoInfracao":"67792","situacao":"RECURSO_JARI_APRESENTADO"}'::jsonb),
  ('0d634e4a-90aa-4763-a9e2-baf51212b4ca', 'A3263818', '380090', 'AUTUACAO_ABERTA', 'EXD4A36', '67713', '2024-05-24T05:23:00.000Z', '82731557575', 'DEV-0010', '{"numeroAit":"A3263818","codigoOrgaoAutuador":"380090","placa":"EXD4A36","codigoInfracao":"67713","situacao":"ARQUIVADO"}'::jsonb),
  ('1985ba0e-3f39-435a-a64c-ed133ead0c51', 'A9637058', '447010', 'AUTUACAO_ABERTA', 'JUL9848', '67613', '2024-09-25T18:38:00.000Z', '91308813589', 'DEV-0014', '{"numeroAit":"A9637058","codigoOrgaoAutuador":"447010","placa":"JUL9848","codigoInfracao":"67613","situacao":"PENALIDADE_IMPOSTA"}'::jsonb),
  ('abedb490-c9b1-42e0-a5b7-5ac7999fe92f', 'A8370043', '999999', 'AUTUACAO_ABERTA', 'VJZ2A59', '58489', '2025-08-15T22:12:00.000Z', '27872189208', 'DEV-0009', '{"numeroAit":"A8370043","codigoOrgaoAutuador":"999999","placa":"VJZ2A59","codigoInfracao":"58489","situacao":"RECURSO_JARI_APRESENTADO"}'::jsonb),
  ('fe4bdcee-c8bb-430e-8f0c-c381e85e04a2', 'A8178981', '380090', 'AUTUACAO_ABERTA', 'BRH9785', '67889', '2025-02-12T11:10:00.000Z', '46615111233', 'DEV-0008', '{"numeroAit":"A8178981","codigoOrgaoAutuador":"380090","placa":"BRH9785","codigoInfracao":"67889","situacao":"AGUARDANDO_DEFESA_PREVIA"}'::jsonb),
  ('38c37681-9d50-431b-af64-403e3edea574', 'A1606599', '204020', 'VALIDADO', 'ZAB5U39', '56587', '2024-09-21T05:01:00.000Z', '29366023789', 'DEV-0013', '{"numeroAit":"A1606599","codigoOrgaoAutuador":"204020","placa":"ZAB5U39","codigoInfracao":"56587","situacao":"AUTUACAO_ABERTA"}'::jsonb),
  ('cfdea5da-8662-4215-bac6-3896045247a0', 'A0530226', '150070', 'VALIDADO', 'JDY7Z52', '53568', '2024-08-17T20:46:00.000Z', '49694614651', 'DEV-0010', '{"numeroAit":"A0530226","codigoOrgaoAutuador":"150070","placa":"JDY7Z52","codigoInfracao":"53568","situacao":"AUTUACAO_ABERTA"}'::jsonb),
  ('390f5e9d-24ff-454e-8bf6-7e57501cf757', 'A2026267', '380090', 'AUTUACAO_ABERTA', 'WDY5E62', '69418', '2024-01-05T15:27:00.000Z', '44057202587', 'DEV-0008', '{"numeroAit":"A2026267","codigoOrgaoAutuador":"380090","placa":"WDY5E62","codigoInfracao":"69418","situacao":"PENALIDADE_IMPOSTA"}'::jsonb),
  ('3bffe92b-dc77-4e77-b880-ff7db7f0fafd', 'A5335718', '999999', 'VALIDADO', 'BRH9785', '57289', '2024-02-28T19:55:00.000Z', '89120811284', 'DEV-0001', '{"numeroAit":"A5335718","codigoOrgaoAutuador":"999999","placa":"BRH9785","codigoInfracao":"57289","situacao":"AUTUACAO_ABERTA"}'::jsonb),
  ('688f1d24-7769-4847-8585-6f1e1e7f9519', 'A9300703', '204020', 'AUTUACAO_ABERTA', 'FEJ3T36', '52821', '2025-01-05T16:43:00.000Z', '52953878793', 'DEV-0007', '{"numeroAit":"A9300703","codigoOrgaoAutuador":"204020","placa":"FEJ3T36","codigoInfracao":"52821","situacao":"NOTIFICADO_AUTUACAO"}'::jsonb),
  ('799f6137-319e-41fd-868a-7575aebdb791', 'A5535460', '204020', 'AUTUACAO_ABERTA', 'JUL9848', '51447', '2025-03-14T23:26:00.000Z', '56115164672', 'DEV-0010', '{"numeroAit":"A5535460","codigoOrgaoAutuador":"204020","placa":"JUL9848","codigoInfracao":"51447","situacao":"NOTIFICADO_AUTUACAO"}'::jsonb),
  ('eadaa1e6-bb5b-474d-975d-7b131335f236', 'A1029389', '380090', 'VALIDADO', 'GCS5102', '78323', '2024-01-18T13:43:00.000Z', '73367460800', 'DEV-0013', '{"numeroAit":"A1029389","codigoOrgaoAutuador":"380090","placa":"GCS5102","codigoInfracao":"78323","situacao":"AUTUACAO_ABERTA"}'::jsonb),
  ('161d7260-3b8c-4d37-8e02-7714e85af021', 'A0724381', '150070', 'AUTUACAO_ABERTA', 'RGY0S41', '51670', '2024-08-05T04:58:00.000Z', '84768875157', 'DEV-0005', '{"numeroAit":"A0724381","codigoOrgaoAutuador":"150070","placa":"RGY0S41","codigoInfracao":"51670","situacao":"PENALIDADE_IMPOSTA"}'::jsonb),
  ('f06108d1-436c-4319-8abc-9e2fd9ebefce', 'A9048833', '204020', 'AUTUACAO_ABERTA', 'LFU5B41', '69029', '2024-11-09T03:20:00.000Z', '42157845739', 'DEV-0005', '{"numeroAit":"A9048833","codigoOrgaoAutuador":"204020","placa":"LFU5B41","codigoInfracao":"69029","situacao":"RECURSO_JARI_APRESENTADO"}'::jsonb),
  ('dd08f7d4-912b-4d56-bba1-0c384b4edb23', 'A8476956', '999999', 'AUTUACAO_ABERTA', 'CZS1581', '54267', '2024-04-08T23:17:00.000Z', '76094988159', 'DEV-0013', '{"numeroAit":"A8476956","codigoOrgaoAutuador":"999999","placa":"CZS1581","codigoInfracao":"54267","situacao":"NOTIFICADO_AUTUACAO"}'::jsonb),
  ('32f1a909-f22b-4253-9088-5737885a1515', 'A2184544', '999999', 'AUTUACAO_ABERTA', 'UVP4187', '51135', '2024-08-05T04:05:00.000Z', '84835883071', 'DEV-0006', '{"numeroAit":"A2184544","codigoOrgaoAutuador":"999999","placa":"UVP4187","codigoInfracao":"51135","situacao":"RECURSO_JARI_APRESENTADO"}'::jsonb),
  ('a4d70352-895f-4955-9b84-134d96969cf2', 'A2050175', '447010', 'AUTUACAO_ABERTA', 'TBT3V40', '72326', '2025-11-04T16:19:00.000Z', '33795161207', 'DEV-0015', '{"numeroAit":"A2050175","codigoOrgaoAutuador":"447010","placa":"TBT3V40","codigoInfracao":"72326","situacao":"AGUARDANDO_DEFESA_PREVIA"}'::jsonb),
  ('d61fac91-8b49-47d8-889f-ff47811b6b8b', 'A1153675', '380090', 'AUTUACAO_ABERTA', 'DPR1A86', '73155', '2024-10-28T13:19:00.000Z', '58652673454', 'DEV-0005', '{"numeroAit":"A1153675","codigoOrgaoAutuador":"380090","placa":"DPR1A86","codigoInfracao":"73155","situacao":"PENALIDADE_IMPOSTA"}'::jsonb),
  ('3e1ffa6c-927e-4997-8e72-bb2d9f242e3e', 'A9999758', '447010', 'AUTUACAO_ABERTA', 'MGP1526', '77808', '2025-11-25T19:55:00.000Z', '56413632275', 'DEV-0004', '{"numeroAit":"A9999758","codigoOrgaoAutuador":"447010","placa":"MGP1526","codigoInfracao":"77808","situacao":"RECURSO_JARI_APRESENTADO"}'::jsonb),
  ('29224566-6308-4388-9067-62daca50b9ed', 'A7544752', '204020', 'AUTUACAO_ABERTA', 'XKT7S66', '54362', '2025-07-07T18:29:00.000Z', '49915914814', 'DEV-0007', '{"numeroAit":"A7544752","codigoOrgaoAutuador":"204020","placa":"XKT7S66","codigoInfracao":"54362","situacao":"PENALIDADE_IMPOSTA"}'::jsonb),
  ('7348eb91-148d-4651-babe-27428192eba1', 'A8898655', '380090', 'AUTUACAO_ABERTA', 'MFN7M27', '63417', '2024-10-02T19:55:00.000Z', '36284234490', 'DEV-0002', '{"numeroAit":"A8898655","codigoOrgaoAutuador":"380090","placa":"MFN7M27","codigoInfracao":"63417","situacao":"AGUARDANDO_DEFESA_PREVIA"}'::jsonb),
  ('cd822a6e-96b3-4b54-964e-7ac0272b25c4', 'A6716276', '447010', 'AUTUACAO_ABERTA', 'HJU1X88', '70629', '2024-02-25T11:37:00.000Z', '40408786809', 'DEV-0014', '{"numeroAit":"A6716276","codigoOrgaoAutuador":"447010","placa":"HJU1X88","codigoInfracao":"70629","situacao":"ARQUIVADO"}'::jsonb),
  ('2f8cb07f-87ab-4fd7-a460-abc670075291', 'A1543307', '999999', 'AUTUACAO_ABERTA', 'TBT3V40', '58739', '2024-02-11T12:47:00.000Z', '34614537308', 'DEV-0002', '{"numeroAit":"A1543307","codigoOrgaoAutuador":"999999","placa":"TBT3V40","codigoInfracao":"58739","situacao":"RECURSO_JARI_APRESENTADO"}'::jsonb);

insert into renainf.processo (id, ait_id, situacao, payload) values
  ('10b80923-e4e9-4ea7-8b46-7a5ad2b26610', '3811516a-79b8-4afd-83a8-f5af6fc26d87', 'NOTIFICADO_AUTUACAO', '{"idProcesso":"10b80923-e4e9-4ea7-8b46-7a5ad2b26610","numeroAit":"A0001001","situacao":"NOTIFICADO_AUTUACAO"}'::jsonb),
  ('ae41d0ff-347d-4598-8450-7b9a99df7e1a', '52d956d3-5ca2-4a07-9fde-de8c60f24630', 'ARQUIVADO', '{"idProcesso":"ae41d0ff-347d-4598-8450-7b9a99df7e1a","numeroAit":"A6213333","situacao":"ARQUIVADO"}'::jsonb),
  ('a2a3e27f-49b3-4a82-a75f-fe8b414a92c1', '337cb810-521c-4e24-b265-ed63ebd4907c', 'RECURSO_JARI_APRESENTADO', '{"idProcesso":"a2a3e27f-49b3-4a82-a75f-fe8b414a92c1","numeroAit":"A4391295","situacao":"RECURSO_JARI_APRESENTADO"}'::jsonb),
  ('d73b6dd6-1b4c-4d0c-bb33-7418d1b88308', '9333c369-41ea-43d6-9bc6-523ec0b697d2', 'AUTUACAO_ABERTA', '{"idProcesso":"d73b6dd6-1b4c-4d0c-bb33-7418d1b88308","numeroAit":"A3059263","situacao":"AUTUACAO_ABERTA"}'::jsonb),
  ('233be481-3779-4a00-b123-f6a5856246fa', '5f6cc945-11bf-49d0-8bc6-3f142a12485e', 'AUTUACAO_ABERTA', '{"idProcesso":"233be481-3779-4a00-b123-f6a5856246fa","numeroAit":"A8957955","situacao":"AUTUACAO_ABERTA"}'::jsonb),
  ('8483b1a3-70b5-4171-8a9b-2d555f83967c', '7cc93f81-c8f9-4a4d-a5c0-d9299776edf5', 'ARQUIVADO', '{"idProcesso":"8483b1a3-70b5-4171-8a9b-2d555f83967c","numeroAit":"A8880719","situacao":"ARQUIVADO"}'::jsonb),
  ('d9251055-9335-4e18-b988-5a30229af8a5', '77b9e4ff-8507-42e8-9f57-2899c6227d73', 'PENALIDADE_IMPOSTA', '{"idProcesso":"d9251055-9335-4e18-b988-5a30229af8a5","numeroAit":"A4146687","situacao":"PENALIDADE_IMPOSTA"}'::jsonb),
  ('e486bfb3-cea4-4db7-b5da-f490483246a8', 'aa022146-bcc5-45f0-8b84-500d187f239f', 'AUTUACAO_ABERTA', '{"idProcesso":"e486bfb3-cea4-4db7-b5da-f490483246a8","numeroAit":"A3056668","situacao":"AUTUACAO_ABERTA"}'::jsonb),
  ('6fcceaee-cfbf-449a-8692-b51a33a5ceb7', '47d13b5c-393d-4e1c-acc1-2e5ea8ecc167', 'PENALIDADE_IMPOSTA', '{"idProcesso":"6fcceaee-cfbf-449a-8692-b51a33a5ceb7","numeroAit":"A8182949","situacao":"PENALIDADE_IMPOSTA"}'::jsonb),
  ('52b509cb-fee8-4e98-8c2e-e1e5873fb525', 'f3a1447e-130d-47ae-ac43-c673efbdd497', 'AUTUACAO_ABERTA', '{"idProcesso":"52b509cb-fee8-4e98-8c2e-e1e5873fb525","numeroAit":"A6475654","situacao":"AUTUACAO_ABERTA"}'::jsonb),
  ('531f459d-2010-4e2f-a51a-05f343bb21ba', 'b8e62bbb-ed33-43a2-a0b5-7ec7dd236324', 'AUTUACAO_ABERTA', '{"idProcesso":"531f459d-2010-4e2f-a51a-05f343bb21ba","numeroAit":"A6044759","situacao":"AUTUACAO_ABERTA"}'::jsonb),
  ('55b91f25-4f1b-422e-941c-58b5801eec11', '4e8a2a8f-74af-4898-b761-ac3f41045a5e', 'AUTUACAO_ABERTA', '{"idProcesso":"55b91f25-4f1b-422e-941c-58b5801eec11","numeroAit":"A1914490","situacao":"AUTUACAO_ABERTA"}'::jsonb),
  ('17caeb6c-54a1-43bd-9580-0264cd223c17', 'b9666f2d-9d16-46ee-8d80-6c414ca8fbf3', 'RECURSO_JARI_APRESENTADO', '{"idProcesso":"17caeb6c-54a1-43bd-9580-0264cd223c17","numeroAit":"A1353157","situacao":"RECURSO_JARI_APRESENTADO"}'::jsonb),
  ('0aa3af1a-96f9-4f17-837b-4d66577be953', '3747497c-0bee-4fc4-8a65-32bae0ddcfc8', 'PENALIDADE_IMPOSTA', '{"idProcesso":"0aa3af1a-96f9-4f17-837b-4d66577be953","numeroAit":"A4061125","situacao":"PENALIDADE_IMPOSTA"}'::jsonb),
  ('2ddfda4a-8a48-4219-9d3a-b29a2a6e6456', '6d222207-ca57-425f-99ce-295d163473a0', 'ARQUIVADO', '{"idProcesso":"2ddfda4a-8a48-4219-9d3a-b29a2a6e6456","numeroAit":"A8270483","situacao":"ARQUIVADO"}'::jsonb),
  ('a2dc8734-923a-4a5b-a249-739617d6ee4b', '7658b8ff-a612-4092-86bc-fd54e2a8a4a9', 'NOTIFICADO_AUTUACAO', '{"idProcesso":"a2dc8734-923a-4a5b-a249-739617d6ee4b","numeroAit":"A9615488","situacao":"NOTIFICADO_AUTUACAO"}'::jsonb),
  ('c01be163-cdb4-46f4-a4d1-24c227fd4753', '6ef0be28-66ba-4698-8fad-d164a50dffe4', 'AUTUACAO_ABERTA', '{"idProcesso":"c01be163-cdb4-46f4-a4d1-24c227fd4753","numeroAit":"A7530121","situacao":"AUTUACAO_ABERTA"}'::jsonb),
  ('b4a003a7-0328-481c-af63-59eee99b4c97', 'fd3f4e8a-df0f-4627-bfab-e7bc014b0c82', 'NOTIFICADO_AUTUACAO', '{"idProcesso":"b4a003a7-0328-481c-af63-59eee99b4c97","numeroAit":"A3898787","situacao":"NOTIFICADO_AUTUACAO"}'::jsonb),
  ('38870b4d-827b-4340-8019-375f30429d73', 'ac20ef9e-6c2e-4af1-945e-96395dae5d94', 'PENALIDADE_IMPOSTA', '{"idProcesso":"38870b4d-827b-4340-8019-375f30429d73","numeroAit":"A8333055","situacao":"PENALIDADE_IMPOSTA"}'::jsonb),
  ('0695347d-8c79-4bb7-b810-ad9d7474b250', '9985d548-9efa-415b-a847-b407c54fa3dc', 'NOTIFICADO_AUTUACAO', '{"idProcesso":"0695347d-8c79-4bb7-b810-ad9d7474b250","numeroAit":"A1399459","situacao":"NOTIFICADO_AUTUACAO"}'::jsonb),
  ('aa4f34a8-5837-4d72-a4ed-3e91d6e04835', 'f74e8833-859c-45d5-9e7f-0322ef556bc4', 'AGUARDANDO_DEFESA_PREVIA', '{"idProcesso":"aa4f34a8-5837-4d72-a4ed-3e91d6e04835","numeroAit":"A8031037","situacao":"AGUARDANDO_DEFESA_PREVIA"}'::jsonb),
  ('00aea355-53ca-4090-8ffe-e1d6fddacad0', 'de19e7c6-96cf-454a-bc05-98626b6bfcbc', 'PENALIDADE_IMPOSTA', '{"idProcesso":"00aea355-53ca-4090-8ffe-e1d6fddacad0","numeroAit":"A8709878","situacao":"PENALIDADE_IMPOSTA"}'::jsonb),
  ('419477fa-dccb-4f08-b238-0e24f83f9e5c', '734350d1-ece4-4678-a3e2-c5d797efb073', 'AUTUACAO_ABERTA', '{"idProcesso":"419477fa-dccb-4f08-b238-0e24f83f9e5c","numeroAit":"A9798525","situacao":"AUTUACAO_ABERTA"}'::jsonb),
  ('a4b027c8-9077-4716-909c-dd5ccda8a51e', '0d0a3638-d8ff-499b-bfd6-446468362f93', 'AGUARDANDO_DEFESA_PREVIA', '{"idProcesso":"a4b027c8-9077-4716-909c-dd5ccda8a51e","numeroAit":"A2739000","situacao":"AGUARDANDO_DEFESA_PREVIA"}'::jsonb),
  ('bb84ec90-4a14-40d1-8283-c2c9f87fda52', '42e4bc5d-bb8a-4cce-8c4f-82faed66401e', 'PENALIDADE_IMPOSTA', '{"idProcesso":"bb84ec90-4a14-40d1-8283-c2c9f87fda52","numeroAit":"A5078454","situacao":"PENALIDADE_IMPOSTA"}'::jsonb),
  ('e0bbce97-c71f-4539-962c-cbac0271b125', '6bbf8cfd-6ffd-47b6-9828-9469c43a1a1d', 'NOTIFICADO_AUTUACAO', '{"idProcesso":"e0bbce97-c71f-4539-962c-cbac0271b125","numeroAit":"A7813296","situacao":"NOTIFICADO_AUTUACAO"}'::jsonb),
  ('5deb36ea-6db0-4a27-b22a-7a997af2e051', '9d30a765-b972-49e2-b762-a36bf70ddf98', 'AGUARDANDO_DEFESA_PREVIA', '{"idProcesso":"5deb36ea-6db0-4a27-b22a-7a997af2e051","numeroAit":"A8478023","situacao":"AGUARDANDO_DEFESA_PREVIA"}'::jsonb),
  ('158ceacf-1f2a-41ae-a8de-d965c5417371', '8aba734b-b108-4cdf-b2ab-77000292c5d4', 'ARQUIVADO', '{"idProcesso":"158ceacf-1f2a-41ae-a8de-d965c5417371","numeroAit":"A1913279","situacao":"ARQUIVADO"}'::jsonb),
  ('f3ba6a24-7feb-4565-8388-d040f2c8107f', '91fc9507-7721-491b-9b18-6cabc6180a55', 'AGUARDANDO_DEFESA_PREVIA', '{"idProcesso":"f3ba6a24-7feb-4565-8388-d040f2c8107f","numeroAit":"A4402945","situacao":"AGUARDANDO_DEFESA_PREVIA"}'::jsonb),
  ('2b8465b8-35bc-40d2-a56e-53c0ad2ad215', '385e3423-f30c-4354-9d0d-05f331f7becb', 'ARQUIVADO', '{"idProcesso":"2b8465b8-35bc-40d2-a56e-53c0ad2ad215","numeroAit":"A6096320","situacao":"ARQUIVADO"}'::jsonb),
  ('d29ab595-0048-4d73-b360-903fe1b8cd87', '6d2c6d11-36a3-4127-9efe-7a3223540e15', 'AUTUACAO_ABERTA', '{"idProcesso":"d29ab595-0048-4d73-b360-903fe1b8cd87","numeroAit":"A1182450","situacao":"AUTUACAO_ABERTA"}'::jsonb),
  ('606674ee-d68d-48c2-98b2-1b1cd40e9cc2', '25e8c985-9a6d-4986-8641-eed4eb142d6a', 'ARQUIVADO', '{"idProcesso":"606674ee-d68d-48c2-98b2-1b1cd40e9cc2","numeroAit":"A8285161","situacao":"ARQUIVADO"}'::jsonb),
  ('ae8ee516-e7ab-45bd-aeaa-f50559d2059d', 'bf6f776e-199e-4f48-904d-0b0062d9dc26', 'ARQUIVADO', '{"idProcesso":"ae8ee516-e7ab-45bd-aeaa-f50559d2059d","numeroAit":"A3820434","situacao":"ARQUIVADO"}'::jsonb),
  ('c8355a84-5f4b-4010-9e3b-b039955995fe', '538b426f-d1a6-48ac-894e-5a741e2e98b0', 'RECURSO_JARI_APRESENTADO', '{"idProcesso":"c8355a84-5f4b-4010-9e3b-b039955995fe","numeroAit":"A0338228","situacao":"RECURSO_JARI_APRESENTADO"}'::jsonb),
  ('2d0ffd5a-bad5-4c06-bdb4-b43e596375fd', 'a814aa4a-eaa7-4c42-b87b-de2d66f897da', 'AUTUACAO_ABERTA', '{"idProcesso":"2d0ffd5a-bad5-4c06-bdb4-b43e596375fd","numeroAit":"A9765978","situacao":"AUTUACAO_ABERTA"}'::jsonb),
  ('b8dca157-525c-47a2-9587-ee402b82c8f6', '366d5a02-e348-44a6-a41f-b4d590142609', 'PENALIDADE_IMPOSTA', '{"idProcesso":"b8dca157-525c-47a2-9587-ee402b82c8f6","numeroAit":"A8518709","situacao":"PENALIDADE_IMPOSTA"}'::jsonb),
  ('2e9a484e-c074-45cb-b8a6-6f3609e4bb9d', '81f0750f-1158-4259-9bba-d98bc3cb24af', 'ARQUIVADO', '{"idProcesso":"2e9a484e-c074-45cb-b8a6-6f3609e4bb9d","numeroAit":"A5809149","situacao":"ARQUIVADO"}'::jsonb),
  ('c6c5d26e-9fd0-4685-90b7-306cdcb21ddf', '11ef942e-8c29-457e-b52d-26fe1c6c16e3', 'NOTIFICADO_AUTUACAO', '{"idProcesso":"c6c5d26e-9fd0-4685-90b7-306cdcb21ddf","numeroAit":"A9760958","situacao":"NOTIFICADO_AUTUACAO"}'::jsonb),
  ('811c787b-f03a-44de-b7cd-3bf14bb30b53', 'e1880b7a-308c-4953-aee4-4eb494c62d14', 'RECURSO_JARI_APRESENTADO', '{"idProcesso":"811c787b-f03a-44de-b7cd-3bf14bb30b53","numeroAit":"A9111247","situacao":"RECURSO_JARI_APRESENTADO"}'::jsonb),
  ('4f6235b8-26a6-4007-af7c-8c11d2060b84', '0d634e4a-90aa-4763-a9e2-baf51212b4ca', 'ARQUIVADO', '{"idProcesso":"4f6235b8-26a6-4007-af7c-8c11d2060b84","numeroAit":"A3263818","situacao":"ARQUIVADO"}'::jsonb),
  ('568728cd-4ed7-48b0-9558-393c1d0d4b10', '1985ba0e-3f39-435a-a64c-ed133ead0c51', 'PENALIDADE_IMPOSTA', '{"idProcesso":"568728cd-4ed7-48b0-9558-393c1d0d4b10","numeroAit":"A9637058","situacao":"PENALIDADE_IMPOSTA"}'::jsonb),
  ('7448862d-9583-44f5-ab30-d4ee28ffb02f', 'abedb490-c9b1-42e0-a5b7-5ac7999fe92f', 'RECURSO_JARI_APRESENTADO', '{"idProcesso":"7448862d-9583-44f5-ab30-d4ee28ffb02f","numeroAit":"A8370043","situacao":"RECURSO_JARI_APRESENTADO"}'::jsonb),
  ('ea69b9d1-2e98-450d-9152-f0d9f81a065b', 'fe4bdcee-c8bb-430e-8f0c-c381e85e04a2', 'AGUARDANDO_DEFESA_PREVIA', '{"idProcesso":"ea69b9d1-2e98-450d-9152-f0d9f81a065b","numeroAit":"A8178981","situacao":"AGUARDANDO_DEFESA_PREVIA"}'::jsonb),
  ('a429ec35-c354-4a3b-96a5-b776b16134d3', '38c37681-9d50-431b-af64-403e3edea574', 'AUTUACAO_ABERTA', '{"idProcesso":"a429ec35-c354-4a3b-96a5-b776b16134d3","numeroAit":"A1606599","situacao":"AUTUACAO_ABERTA"}'::jsonb),
  ('1950a6af-0757-494a-b052-098021963211', 'cfdea5da-8662-4215-bac6-3896045247a0', 'AUTUACAO_ABERTA', '{"idProcesso":"1950a6af-0757-494a-b052-098021963211","numeroAit":"A0530226","situacao":"AUTUACAO_ABERTA"}'::jsonb),
  ('75dffda7-9423-4563-8de1-af5a37dbb887', '390f5e9d-24ff-454e-8bf6-7e57501cf757', 'PENALIDADE_IMPOSTA', '{"idProcesso":"75dffda7-9423-4563-8de1-af5a37dbb887","numeroAit":"A2026267","situacao":"PENALIDADE_IMPOSTA"}'::jsonb),
  ('59733fbc-e871-4de1-80a6-dc7c7a6120c7', '3bffe92b-dc77-4e77-b880-ff7db7f0fafd', 'AUTUACAO_ABERTA', '{"idProcesso":"59733fbc-e871-4de1-80a6-dc7c7a6120c7","numeroAit":"A5335718","situacao":"AUTUACAO_ABERTA"}'::jsonb),
  ('b3b574dd-ff36-454c-be17-8b6e97cf5002', '688f1d24-7769-4847-8585-6f1e1e7f9519', 'NOTIFICADO_AUTUACAO', '{"idProcesso":"b3b574dd-ff36-454c-be17-8b6e97cf5002","numeroAit":"A9300703","situacao":"NOTIFICADO_AUTUACAO"}'::jsonb),
  ('0f88c9d8-9b7a-4223-adb0-6057e210f834', '799f6137-319e-41fd-868a-7575aebdb791', 'NOTIFICADO_AUTUACAO', '{"idProcesso":"0f88c9d8-9b7a-4223-adb0-6057e210f834","numeroAit":"A5535460","situacao":"NOTIFICADO_AUTUACAO"}'::jsonb),
  ('f4b60b4c-5b4f-4662-a63e-ad5f3544a080', 'eadaa1e6-bb5b-474d-975d-7b131335f236', 'AUTUACAO_ABERTA', '{"idProcesso":"f4b60b4c-5b4f-4662-a63e-ad5f3544a080","numeroAit":"A1029389","situacao":"AUTUACAO_ABERTA"}'::jsonb),
  ('e9d6ad9a-2f0d-4d83-a852-8b3096b9f993', '161d7260-3b8c-4d37-8e02-7714e85af021', 'PENALIDADE_IMPOSTA', '{"idProcesso":"e9d6ad9a-2f0d-4d83-a852-8b3096b9f993","numeroAit":"A0724381","situacao":"PENALIDADE_IMPOSTA"}'::jsonb),
  ('9bd750d3-2bd4-4d6a-9933-2fc8856edb0b', 'f06108d1-436c-4319-8abc-9e2fd9ebefce', 'RECURSO_JARI_APRESENTADO', '{"idProcesso":"9bd750d3-2bd4-4d6a-9933-2fc8856edb0b","numeroAit":"A9048833","situacao":"RECURSO_JARI_APRESENTADO"}'::jsonb),
  ('ec9d3c6b-b747-49b3-b51d-8c9bb0616efa', 'dd08f7d4-912b-4d56-bba1-0c384b4edb23', 'NOTIFICADO_AUTUACAO', '{"idProcesso":"ec9d3c6b-b747-49b3-b51d-8c9bb0616efa","numeroAit":"A8476956","situacao":"NOTIFICADO_AUTUACAO"}'::jsonb),
  ('118af643-31c2-4b65-bebe-524a82c1d7fb', '32f1a909-f22b-4253-9088-5737885a1515', 'RECURSO_JARI_APRESENTADO', '{"idProcesso":"118af643-31c2-4b65-bebe-524a82c1d7fb","numeroAit":"A2184544","situacao":"RECURSO_JARI_APRESENTADO"}'::jsonb),
  ('438cf841-e79b-41f0-aa8e-372a8923416f', 'a4d70352-895f-4955-9b84-134d96969cf2', 'AGUARDANDO_DEFESA_PREVIA', '{"idProcesso":"438cf841-e79b-41f0-aa8e-372a8923416f","numeroAit":"A2050175","situacao":"AGUARDANDO_DEFESA_PREVIA"}'::jsonb),
  ('32590676-a27e-471c-a8b3-f68f0bfad756', 'd61fac91-8b49-47d8-889f-ff47811b6b8b', 'PENALIDADE_IMPOSTA', '{"idProcesso":"32590676-a27e-471c-a8b3-f68f0bfad756","numeroAit":"A1153675","situacao":"PENALIDADE_IMPOSTA"}'::jsonb),
  ('4061f76b-82ed-4b42-a0a2-92a05f8c0543', '3e1ffa6c-927e-4997-8e72-bb2d9f242e3e', 'RECURSO_JARI_APRESENTADO', '{"idProcesso":"4061f76b-82ed-4b42-a0a2-92a05f8c0543","numeroAit":"A9999758","situacao":"RECURSO_JARI_APRESENTADO"}'::jsonb),
  ('dd6b49fc-407f-4976-a56c-1b7fb8983c5d', '29224566-6308-4388-9067-62daca50b9ed', 'PENALIDADE_IMPOSTA', '{"idProcesso":"dd6b49fc-407f-4976-a56c-1b7fb8983c5d","numeroAit":"A7544752","situacao":"PENALIDADE_IMPOSTA"}'::jsonb),
  ('407adecc-d909-40ac-b1b4-a6e8136b45d4', '7348eb91-148d-4651-babe-27428192eba1', 'AGUARDANDO_DEFESA_PREVIA', '{"idProcesso":"407adecc-d909-40ac-b1b4-a6e8136b45d4","numeroAit":"A8898655","situacao":"AGUARDANDO_DEFESA_PREVIA"}'::jsonb),
  ('222a58bb-2053-4ed3-8033-0d8aabfc3b58', 'cd822a6e-96b3-4b54-964e-7ac0272b25c4', 'ARQUIVADO', '{"idProcesso":"222a58bb-2053-4ed3-8033-0d8aabfc3b58","numeroAit":"A6716276","situacao":"ARQUIVADO"}'::jsonb),
  ('578a47f7-0d6e-42bd-8ffc-5c70bcf27892', '2f8cb07f-87ab-4fd7-a460-abc670075291', 'RECURSO_JARI_APRESENTADO', '{"idProcesso":"578a47f7-0d6e-42bd-8ffc-5c70bcf27892","numeroAit":"A1543307","situacao":"RECURSO_JARI_APRESENTADO"}'::jsonb);

insert into renainf.debito (processo_id, valor, situacao_pagamento, data_vencimento, payload) values
  ('ae41d0ff-347d-4598-8450-7b9a99df7e1a', 1487.00, 'EM_ABERTO', '2025-05-27', '{"idProcesso":"ae41d0ff-347d-4598-8450-7b9a99df7e1a","valor":195.23,"situacaoPagamento":"EM_ABERTO"}'::jsonb),
  ('a2a3e27f-49b3-4a82-a75f-fe8b414a92c1', 954.00, 'QUITADO', '2026-11-08', '{"idProcesso":"a2a3e27f-49b3-4a82-a75f-fe8b414a92c1","valor":195.23,"situacaoPagamento":"EM_ABERTO"}'::jsonb),
  ('8483b1a3-70b5-4171-8a9b-2d555f83967c', 1160.00, 'QUITADO', '2026-10-09', '{"idProcesso":"8483b1a3-70b5-4171-8a9b-2d555f83967c","valor":195.23,"situacaoPagamento":"EM_ABERTO"}'::jsonb),
  ('d9251055-9335-4e18-b988-5a30229af8a5', 129.00, 'QUITADO', '2025-08-21', '{"idProcesso":"d9251055-9335-4e18-b988-5a30229af8a5","valor":195.23,"situacaoPagamento":"EM_ABERTO"}'::jsonb),
  ('6fcceaee-cfbf-449a-8692-b51a33a5ceb7', 903.00, 'QUITADO', '2025-12-25', '{"idProcesso":"6fcceaee-cfbf-449a-8692-b51a33a5ceb7","valor":195.23,"situacaoPagamento":"EM_ABERTO"}'::jsonb),
  ('17caeb6c-54a1-43bd-9580-0264cd223c17', 896.00, 'EM_ABERTO', '2026-10-03', '{"idProcesso":"17caeb6c-54a1-43bd-9580-0264cd223c17","valor":195.23,"situacaoPagamento":"EM_ABERTO"}'::jsonb),
  ('0aa3af1a-96f9-4f17-837b-4d66577be953', 1461.00, 'QUITADO', '2025-03-18', '{"idProcesso":"0aa3af1a-96f9-4f17-837b-4d66577be953","valor":195.23,"situacaoPagamento":"EM_ABERTO"}'::jsonb),
  ('2ddfda4a-8a48-4219-9d3a-b29a2a6e6456', 1066.00, 'EM_ABERTO', '2025-08-28', '{"idProcesso":"2ddfda4a-8a48-4219-9d3a-b29a2a6e6456","valor":195.23,"situacaoPagamento":"EM_ABERTO"}'::jsonb),
  ('38870b4d-827b-4340-8019-375f30429d73', 1803.00, 'QUITADO', '2025-07-18', '{"idProcesso":"38870b4d-827b-4340-8019-375f30429d73","valor":195.23,"situacaoPagamento":"EM_ABERTO"}'::jsonb),
  ('00aea355-53ca-4090-8ffe-e1d6fddacad0', 355.00, 'QUITADO', '2025-11-19', '{"idProcesso":"00aea355-53ca-4090-8ffe-e1d6fddacad0","valor":195.23,"situacaoPagamento":"EM_ABERTO"}'::jsonb),
  ('bb84ec90-4a14-40d1-8283-c2c9f87fda52', 1411.00, 'EM_ABERTO', '2026-08-27', '{"idProcesso":"bb84ec90-4a14-40d1-8283-c2c9f87fda52","valor":195.23,"situacaoPagamento":"EM_ABERTO"}'::jsonb),
  ('158ceacf-1f2a-41ae-a8de-d965c5417371', 959.00, 'EM_ABERTO', '2025-09-11', '{"idProcesso":"158ceacf-1f2a-41ae-a8de-d965c5417371","valor":195.23,"situacaoPagamento":"EM_ABERTO"}'::jsonb),
  ('2b8465b8-35bc-40d2-a56e-53c0ad2ad215', 967.00, 'QUITADO', '2026-03-09', '{"idProcesso":"2b8465b8-35bc-40d2-a56e-53c0ad2ad215","valor":195.23,"situacaoPagamento":"EM_ABERTO"}'::jsonb),
  ('606674ee-d68d-48c2-98b2-1b1cd40e9cc2', 1092.00, 'EM_ABERTO', '2025-11-19', '{"idProcesso":"606674ee-d68d-48c2-98b2-1b1cd40e9cc2","valor":195.23,"situacaoPagamento":"EM_ABERTO"}'::jsonb),
  ('ae8ee516-e7ab-45bd-aeaa-f50559d2059d', 916.00, 'EM_ABERTO', '2025-01-08', '{"idProcesso":"ae8ee516-e7ab-45bd-aeaa-f50559d2059d","valor":195.23,"situacaoPagamento":"EM_ABERTO"}'::jsonb),
  ('c8355a84-5f4b-4010-9e3b-b039955995fe', 1233.00, 'EM_ABERTO', '2026-02-16', '{"idProcesso":"c8355a84-5f4b-4010-9e3b-b039955995fe","valor":195.23,"situacaoPagamento":"EM_ABERTO"}'::jsonb),
  ('b8dca157-525c-47a2-9587-ee402b82c8f6', 885.00, 'QUITADO', '2025-02-18', '{"idProcesso":"b8dca157-525c-47a2-9587-ee402b82c8f6","valor":195.23,"situacaoPagamento":"EM_ABERTO"}'::jsonb),
  ('2e9a484e-c074-45cb-b8a6-6f3609e4bb9d', 1531.00, 'EM_ABERTO', '2026-11-24', '{"idProcesso":"2e9a484e-c074-45cb-b8a6-6f3609e4bb9d","valor":195.23,"situacaoPagamento":"EM_ABERTO"}'::jsonb),
  ('811c787b-f03a-44de-b7cd-3bf14bb30b53', 368.00, 'EM_ABERTO', '2025-11-28', '{"idProcesso":"811c787b-f03a-44de-b7cd-3bf14bb30b53","valor":195.23,"situacaoPagamento":"EM_ABERTO"}'::jsonb),
  ('4f6235b8-26a6-4007-af7c-8c11d2060b84', 1384.00, 'QUITADO', '2025-11-10', '{"idProcesso":"4f6235b8-26a6-4007-af7c-8c11d2060b84","valor":195.23,"situacaoPagamento":"EM_ABERTO"}'::jsonb),
  ('568728cd-4ed7-48b0-9558-393c1d0d4b10', 143.00, 'EM_ABERTO', '2026-03-13', '{"idProcesso":"568728cd-4ed7-48b0-9558-393c1d0d4b10","valor":195.23,"situacaoPagamento":"EM_ABERTO"}'::jsonb),
  ('7448862d-9583-44f5-ab30-d4ee28ffb02f', 222.00, 'QUITADO', '2025-01-10', '{"idProcesso":"7448862d-9583-44f5-ab30-d4ee28ffb02f","valor":195.23,"situacaoPagamento":"EM_ABERTO"}'::jsonb),
  ('75dffda7-9423-4563-8de1-af5a37dbb887', 455.00, 'QUITADO', '2026-02-16', '{"idProcesso":"75dffda7-9423-4563-8de1-af5a37dbb887","valor":195.23,"situacaoPagamento":"EM_ABERTO"}'::jsonb),
  ('e9d6ad9a-2f0d-4d83-a852-8b3096b9f993', 854.00, 'QUITADO', '2025-08-17', '{"idProcesso":"e9d6ad9a-2f0d-4d83-a852-8b3096b9f993","valor":195.23,"situacaoPagamento":"EM_ABERTO"}'::jsonb),
  ('9bd750d3-2bd4-4d6a-9933-2fc8856edb0b', 792.00, 'QUITADO', '2026-06-16', '{"idProcesso":"9bd750d3-2bd4-4d6a-9933-2fc8856edb0b","valor":195.23,"situacaoPagamento":"EM_ABERTO"}'::jsonb),
  ('118af643-31c2-4b65-bebe-524a82c1d7fb', 597.00, 'QUITADO', '2025-09-14', '{"idProcesso":"118af643-31c2-4b65-bebe-524a82c1d7fb","valor":195.23,"situacaoPagamento":"EM_ABERTO"}'::jsonb),
  ('32590676-a27e-471c-a8b3-f68f0bfad756', 1306.00, 'EM_ABERTO', '2026-03-15', '{"idProcesso":"32590676-a27e-471c-a8b3-f68f0bfad756","valor":195.23,"situacaoPagamento":"EM_ABERTO"}'::jsonb),
  ('4061f76b-82ed-4b42-a0a2-92a05f8c0543', 425.00, 'QUITADO', '2026-08-22', '{"idProcesso":"4061f76b-82ed-4b42-a0a2-92a05f8c0543","valor":195.23,"situacaoPagamento":"EM_ABERTO"}'::jsonb),
  ('dd6b49fc-407f-4976-a56c-1b7fb8983c5d', 473.00, 'QUITADO', '2025-09-26', '{"idProcesso":"dd6b49fc-407f-4976-a56c-1b7fb8983c5d","valor":195.23,"situacaoPagamento":"EM_ABERTO"}'::jsonb),
  ('222a58bb-2053-4ed3-8033-0d8aabfc3b58', 1870.00, 'EM_ABERTO', '2026-07-13', '{"idProcesso":"222a58bb-2053-4ed3-8033-0d8aabfc3b58","valor":195.23,"situacaoPagamento":"EM_ABERTO"}'::jsonb),
  ('578a47f7-0d6e-42bd-8ffc-5c70bcf27892', 1790.00, 'QUITADO', '2025-06-05', '{"idProcesso":"578a47f7-0d6e-42bd-8ffc-5c70bcf27892","valor":195.23,"situacaoPagamento":"EM_ABERTO"}'::jsonb);

