-- SENATRAN mock seed — RENAINF (generated).
insert into renainf.dispositivo (id_dispositivo, codigo_orgao_autuador, homologado, ativo, sne_aderido, payload) values
  ('DEV-0001', '150070', true, true, false, '{"idDispositivo":"DEV-0001","codigoOrgaoAutuador":"150070","homologado":true,"ativo":true,"sneAderido":false}'::jsonb),
  ('DEV-0002', '150070', true, true, true, '{"idDispositivo":"DEV-0002","codigoOrgaoAutuador":"150070","homologado":true,"ativo":true,"sneAderido":true}'::jsonb),
  ('DEV-0003', '447010', true, true, true, '{"idDispositivo":"DEV-0003","codigoOrgaoAutuador":"447010","homologado":true,"ativo":true,"sneAderido":true}'::jsonb),
  ('DEV-0004', '380090', true, true, true, '{"idDispositivo":"DEV-0004","codigoOrgaoAutuador":"380090","homologado":true,"ativo":true,"sneAderido":true}'::jsonb),
  ('DEV-0005', '999999', false, true, true, '{"idDispositivo":"DEV-0005","codigoOrgaoAutuador":"999999","homologado":false,"ativo":true,"sneAderido":true}'::jsonb),
  ('DEV-0006', '447010', false, true, true, '{"idDispositivo":"DEV-0006","codigoOrgaoAutuador":"447010","homologado":false,"ativo":true,"sneAderido":true}'::jsonb),
  ('DEV-0007', '150070', true, true, true, '{"idDispositivo":"DEV-0007","codigoOrgaoAutuador":"150070","homologado":true,"ativo":true,"sneAderido":true}'::jsonb),
  ('DEV-0008', '380090', true, true, true, '{"idDispositivo":"DEV-0008","codigoOrgaoAutuador":"380090","homologado":true,"ativo":true,"sneAderido":true}'::jsonb),
  ('DEV-0009', '999999', true, true, true, '{"idDispositivo":"DEV-0009","codigoOrgaoAutuador":"999999","homologado":true,"ativo":true,"sneAderido":true}'::jsonb),
  ('DEV-0010', '204020', true, true, true, '{"idDispositivo":"DEV-0010","codigoOrgaoAutuador":"204020","homologado":true,"ativo":true,"sneAderido":true}'::jsonb),
  ('DEV-0011', '150070', true, true, true, '{"idDispositivo":"DEV-0011","codigoOrgaoAutuador":"150070","homologado":true,"ativo":true,"sneAderido":true}'::jsonb),
  ('DEV-0012', '204020', true, false, true, '{"idDispositivo":"DEV-0012","codigoOrgaoAutuador":"204020","homologado":true,"ativo":false,"sneAderido":true}'::jsonb),
  ('DEV-0013', '204020', true, true, true, '{"idDispositivo":"DEV-0013","codigoOrgaoAutuador":"204020","homologado":true,"ativo":true,"sneAderido":true}'::jsonb),
  ('DEV-0014', '999999', true, true, true, '{"idDispositivo":"DEV-0014","codigoOrgaoAutuador":"999999","homologado":true,"ativo":true,"sneAderido":true}'::jsonb),
  ('DEV-0015', '380090', true, true, true, '{"idDispositivo":"DEV-0015","codigoOrgaoAutuador":"380090","homologado":true,"ativo":true,"sneAderido":true}'::jsonb);

insert into renainf.ait (id, numero_ait, codigo_orgao_autuador, situacao, placa, codigo_infracao, data_infracao, cpf_agente, id_dispositivo, payload) values
  ('4d265ed6-3ebd-4490-9c38-2e21ca60bdb5', 'A0001001', '999999', 'AUTUACAO_ABERTA', 'XKT7S66', '55013', '2024-09-13T15:42:00.000Z', '76209898467', 'DEV-0001', '{"numeroAit":"A0001001","codigoOrgaoAutuador":"999999","placa":"XKT7S66","codigoInfracao":"55013","situacao":"NOTIFICADO_AUTUACAO"}'::jsonb),
  ('941ea3d6-7bc6-4523-bc0b-697d20e17ee5', 'A5618333', '380090', 'AUTUACAO_ABERTA', 'VEX1680', '62164', '2024-03-19T18:18:00.000Z', '24308800161', 'DEV-0009', '{"numeroAit":"A5618333","codigoOrgaoAutuador":"380090","placa":"VEX1680","codigoInfracao":"62164","situacao":"ARQUIVADO"}'::jsonb),
  ('00bc63f1-42a1-4248-9e9a-ab01d94f944a', 'A5536201', '150070', 'AUTUACAO_ABERTA', 'JFJ3200', '76199', '2025-10-08T12:25:00.000Z', '18946047410', 'DEV-0009', '{"numeroAit":"A5536201","codigoOrgaoAutuador":"150070","placa":"JFJ3200","codigoInfracao":"76199","situacao":"NOTIFICADO_AUTUACAO"}'::jsonb),
  ('d85c0d92-9977-46ed-b572-e262afcc281a', 'A8692502', '447010', 'AUTUACAO_ABERTA', 'MFN7M27', '59166', '2024-12-02T03:26:00.000Z', '00674108639', 'DEV-0010', '{"numeroAit":"A8692502","codigoOrgaoAutuador":"447010","placa":"MFN7M27","codigoInfracao":"59166","situacao":"PENALIDADE_IMPOSTA"}'::jsonb),
  ('85f57289-9c62-427d-93c2-dc4c63699955', 'A5173062', '204020', 'AUTUACAO_ABERTA', 'THN4291', '76884', '2025-10-07T07:11:00.000Z', '84926992302', 'DEV-0002', '{"numeroAit":"A5173062","codigoOrgaoAutuador":"204020","placa":"THN4291","codigoInfracao":"76884","situacao":"NOTIFICADO_AUTUACAO"}'::jsonb),
  ('6bcc55f0-1b84-4500-b187-f239f1149433', 'A1890935', '204020', 'AUTUACAO_ABERTA', 'GWH1Z85', '57719', '2025-10-02T09:32:00.000Z', '91328872050', 'DEV-0001', '{"numeroAit":"A1890935","codigoOrgaoAutuador":"204020","placa":"GWH1Z85","codigoInfracao":"57719","situacao":"AGUARDANDO_DEFESA_PREVIA"}'::jsonb),
  ('c393de1c-8cc1-42e5-ba8e-cc1672b1d2a2', 'A0603922', '447010', 'AUTUACAO_ABERTA', 'JAN2P47', '60918', '2025-07-15T18:19:00.000Z', '51501441345', 'DEV-0010', '{"numeroAit":"A0603922","codigoOrgaoAutuador":"447010","placa":"JAN2P47","codigoInfracao":"60918","situacao":"NOTIFICADO_AUTUACAO"}'::jsonb),
  ('f3a1447e-130d-47ae-ac43-c673efbdd497', 'A1835735', '380090', 'VALIDADO', 'PUH8209', '72815', '2024-08-01T10:20:00.000Z', '34853760946', 'DEV-0008', '{"numeroAit":"A1835735","codigoOrgaoAutuador":"380090","placa":"PUH8209","codigoInfracao":"72815","situacao":"AUTUACAO_ABERTA"}'::jsonb),
  ('b8e62bbb-ed33-43a2-a0b5-7ec7dd236324', 'A5001427', '204020', 'AUTUACAO_ABERTA', 'NAX7Y43', '74516', '2024-01-17T13:14:00.000Z', '66501671930', 'DEV-0015', '{"numeroAit":"A5001427","codigoOrgaoAutuador":"204020","placa":"NAX7Y43","codigoInfracao":"74516","situacao":"RECURSO_JARI_APRESENTADO"}'::jsonb),
  ('f74af898-f761-4ac3-b410-45a5e99386cc', 'A4628433', '447010', 'AUTUACAO_ABERTA', 'GWH1Z85', '66811', '2024-02-24T16:35:00.000Z', '14776979268', 'DEV-0001', '{"numeroAit":"A4628433","codigoOrgaoAutuador":"447010","placa":"GWH1Z85","codigoInfracao":"66811","situacao":"AGUARDANDO_DEFESA_PREVIA"}'::jsonb),
  ('d9d166ee-3d80-46c4-84ca-8fbf3219d792', 'A1661661', '999999', 'AUTUACAO_ABERTA', 'GCE0N79', '53993', '2025-03-22T06:36:00.000Z', '85893825675', 'DEV-0002', '{"numeroAit":"A1661661","codigoOrgaoAutuador":"999999","placa":"GCE0N79","codigoInfracao":"53993","situacao":"PENALIDADE_IMPOSTA"}'::jsonb),
  ('c0beefc4-2a65-432b-ae0d-dcfc8ce16a8c', 'A2542630', '447010', 'AUTUACAO_ABERTA', 'PUH8209', '64336', '2025-09-11T04:57:00.000Z', '54378177110', 'DEV-0002', '{"numeroAit":"A2542630","codigoOrgaoAutuador":"447010","placa":"PUH8209","codigoInfracao":"64336","situacao":"AGUARDANDO_DEFESA_PREVIA"}'::jsonb),
  ('6d222207-ca57-425f-99ce-295d163473a0', 'A8112711', '204020', 'AUTUACAO_ABERTA', 'IND1I01', '51967', '2024-09-24T16:37:00.000Z', '78797230057', 'DEV-0015', '{"numeroAit":"A8112711","codigoOrgaoAutuador":"204020","placa":"IND1I01","codigoInfracao":"51967","situacao":"AGUARDANDO_DEFESA_PREVIA"}'::jsonb),
  ('afaf4767-658b-48ff-a612-09226bcfd54e', 'A4235998', '380090', 'AUTUACAO_ABERTA', 'JMZ0X89', '50132', '2024-08-16T15:18:00.000Z', '65598944871', 'DEV-0011', '{"numeroAit":"A4235998","codigoOrgaoAutuador":"380090","placa":"JMZ0X89","codigoInfracao":"50132","situacao":"PENALIDADE_IMPOSTA"}'::jsonb),
  ('6ef0be28-66ba-4698-8fad-d164a50dffe4', 'A0524392', '150070', 'VALIDADO', 'VNT9W97', '51403', '2025-08-14T02:29:00.000Z', '64303551449', 'DEV-0002', '{"numeroAit":"A0524392","codigoOrgaoAutuador":"150070","placa":"VNT9W97","codigoInfracao":"51403","situacao":"AUTUACAO_ABERTA"}'::jsonb),
  ('fd3f4e8a-df0f-4627-bfab-e7bc014b0c82', 'A0068684', '150070', 'AUTUACAO_ABERTA', 'PYY9E31', '67448', '2024-05-14T08:43:00.000Z', '09490282820', 'DEV-0007', '{"numeroAit":"A0068684","codigoOrgaoAutuador":"150070","placa":"PYY9E31","codigoInfracao":"67448","situacao":"NOTIFICADO_AUTUACAO"}'::jsonb),
  ('ac20ef9e-6c2e-4af1-945e-96395dae5d94', 'A8829618', '447010', 'AUTUACAO_ABERTA', 'XNC3F44', '74398', '2025-09-14T09:15:00.000Z', '97747144903', 'DEV-0012', '{"numeroAit":"A8829618","codigoOrgaoAutuador":"447010","placa":"XNC3F44","codigoInfracao":"74398","situacao":"AGUARDANDO_DEFESA_PREVIA"}'::jsonb),
  ('993381a9-985d-4548-aefa-15ba847b407c', 'A9880849', '447010', 'AUTUACAO_ABERTA', 'NXX6L08', '54478', '2024-04-28T16:11:00.000Z', '87937220104', 'DEV-0009', '{"numeroAit":"A9880849","codigoOrgaoAutuador":"447010","placa":"NXX6L08","codigoInfracao":"54478","situacao":"ARQUIVADO"}'::jsonb),
  ('f74e8833-859c-45d5-9e7f-0322ef556bc4', 'A2509129', '999999', 'AUTUACAO_ABERTA', 'ZXG7411', '79741', '2024-10-24T19:04:00.000Z', '78835308526', 'DEV-0009', '{"numeroAit":"A2509129","codigoOrgaoAutuador":"999999","placa":"ZXG7411","codigoInfracao":"79741","situacao":"PENALIDADE_IMPOSTA"}'::jsonb),
  ('696cf54a-cc05-4986-86b6-bfcbc0b539bc', 'A6788377', '150070', 'AUTUACAO_ABERTA', 'ZEE8F32', '72978', '2025-02-13T01:48:00.000Z', '81203810920', 'DEV-0009', '{"numeroAit":"A6788377","codigoOrgaoAutuador":"150070","placa":"ZEE8F32","codigoInfracao":"72978","situacao":"ARQUIVADO"}'::jsonb),
  ('1ece4678-a3e2-4c5d-997e-fb073cd0d821', 'A5271769', '204020', 'AUTUACAO_ABERTA', 'NYM2A18', '74454', '2024-01-24T08:04:00.000Z', '14512902686', 'DEV-0008', '{"numeroAit":"A5271769","codigoOrgaoAutuador":"204020","placa":"NYM2A18","codigoInfracao":"74454","situacao":"PENALIDADE_IMPOSTA"}'::jsonb),
  ('bffd6446-4683-462f-a371-8e9b88535dec', 'A1776670', '150070', 'VALIDADO', 'MRT2P08', '67045', '2024-11-11T11:22:00.000Z', '67683772640', 'DEV-0011', '{"numeroAit":"A1776670","codigoOrgaoAutuador":"150070","placa":"MRT2P08","codigoInfracao":"67045","situacao":"AUTUACAO_ABERTA"}'::jsonb),
  ('e3c4f82f-aed6-4640-8e47-cf4bf6ceb46b', 'A1646664', '447010', 'AUTUACAO_ABERTA', 'XFM9E78', '74078', '2025-03-26T04:42:00.000Z', '36674881732', 'DEV-0011', '{"numeroAit":"A1646664","codigoOrgaoAutuador":"447010","placa":"XFM9E78","codigoInfracao":"74078","situacao":"PENALIDADE_IMPOSTA"}'::jsonb),
  ('67828946-9c43-4a1a-8dec-5bae8b49b8dd', 'A8886437', '150070', 'AUTUACAO_ABERTA', 'HLR9175', '72124', '2024-06-09T23:46:00.000Z', '02984569903', 'DEV-0002', '{"numeroAit":"A8886437","codigoOrgaoAutuador":"150070","placa":"HLR9175","codigoInfracao":"72124","situacao":"NOTIFICADO_AUTUACAO"}'::jsonb),
  ('2f762a36-bf70-4ddf-a882-1c060bc76505', 'A5580209', '447010', 'AUTUACAO_ABERTA', 'TMZ5A28', '76259', '2024-08-21T23:00:00.000Z', '27483263776', 'DEV-0001', '{"numeroAit":"A5580209","codigoOrgaoAutuador":"447010","placa":"TMZ5A28","codigoInfracao":"76259","situacao":"NOTIFICADO_AUTUACAO"}'::jsonb),
  ('fe2ab770-0029-42c5-b471-33747607151d', 'A3832706', '447010', 'AUTUACAO_ABERTA', 'UYM3945', '75621', '2024-03-18T06:55:00.000Z', '45192576547', 'DEV-0010', '{"numeroAit":"A3832706","codigoOrgaoAutuador":"447010","placa":"UYM3945","codigoInfracao":"75621","situacao":"ARQUIVADO"}'::jsonb),
  ('b6b186ca-bc61-480a-956f-3675ac5b95e9', 'A4050298', '150070', 'VALIDADO', 'RJZ3X49', '52877', '2024-03-18T22:08:00.000Z', '03446977112', 'DEV-0012', '{"numeroAit":"A4050298","codigoOrgaoAutuador":"150070","placa":"RJZ3X49","codigoInfracao":"52877","situacao":"AUTUACAO_ABERTA"}'::jsonb),
  ('46d0d05f-331f-47be-bba8-d41559f07790', 'A7117188', '380090', 'AUTUACAO_ABERTA', 'STS4504', '60697', '2024-01-17T04:02:00.000Z', '66138673654', 'DEV-0003', '{"numeroAit":"A7117188","codigoOrgaoAutuador":"380090","placa":"STS4504","codigoInfracao":"60697","situacao":"NOTIFICADO_AUTUACAO"}'::jsonb),
  ('136a3127-5efe-47a3-8235-40e15fcce2f0', 'A6693033', '999999', 'AUTUACAO_ABERTA', 'LFU5B41', '51951', '2024-12-16T20:41:00.000Z', '20327900253', 'DEV-0008', '{"numeroAit":"A6693033","codigoOrgaoAutuador":"999999","placa":"LFU5B41","codigoInfracao":"51951","situacao":"PENALIDADE_IMPOSTA"}'::jsonb),
  ('62641eed-4eb1-442d-9af3-101bee6c7ab4', 'A2670265', '150070', 'AUTUACAO_ABERTA', 'JKB0882', '65245', '2024-06-08T02:30:00.000Z', '28557697872', 'DEV-0004', '{"numeroAit":"A2670265","codigoOrgaoAutuador":"150070","placa":"JKB0882","codigoInfracao":"65245","situacao":"NOTIFICADO_AUTUACAO"}'::jsonb),
  ('e199ef48-404d-40b0-862d-9dc26808cef5', 'A7272183', '150070', 'AUTUACAO_ABERTA', 'EYA5761', '61679', '2024-11-06T09:15:00.000Z', '05342928524', 'DEV-0005', '{"numeroAit":"A7272183","codigoOrgaoAutuador":"150070","placa":"EYA5761","codigoInfracao":"61679","situacao":"PENALIDADE_IMPOSTA"}'::jsonb),
  ('fd1a68ac-394e-45a7-91e2-e98b0224e1a8', 'A5499201', '204020', 'AUTUACAO_ABERTA', 'WGB9111', '61430', '2025-07-17T19:12:00.000Z', '17919695007', 'DEV-0006', '{"numeroAit":"A5499201","codigoOrgaoAutuador":"204020","placa":"WGB9111","codigoInfracao":"61430","situacao":"RECURSO_JARI_APRESENTADO"}'::jsonb),
  ('aeaa7c42-e87b-4de2-b66f-897da45fe1b1', 'A6449240', '447010', 'AUTUACAO_ABERTA', 'ZDG7K15', '58796', '2025-04-25T20:09:00.000Z', '46235138156', 'DEV-0001', '{"numeroAit":"A6449240","codigoOrgaoAutuador":"447010","placa":"ZDG7K15","codigoInfracao":"58796","situacao":"PENALIDADE_IMPOSTA"}'::jsonb),
  ('6b41fb4d-5901-4426-89fb-87306d56ec3a', 'A7420488', '380090', 'AUTUACAO_ABERTA', 'PSD0105', '69256', '2025-07-25T11:34:00.000Z', '76781505122', 'DEV-0002', '{"numeroAit":"A7420488","codigoOrgaoAutuador":"380090","placa":"PSD0105","codigoInfracao":"69256","situacao":"RECURSO_JARI_APRESENTADO"}'::jsonb),
  ('95bbad98-bc3c-4b24-afc8-77043294793a', 'A7827902', '204020', 'AUTUACAO_ABERTA', 'RBL4G82', '60362', '2024-10-14T10:17:00.000Z', '95128053830', 'DEV-0009', '{"numeroAit":"A7827902","codigoOrgaoAutuador":"204020","placa":"RBL4G82","codigoInfracao":"60362","situacao":"RECURSO_JARI_APRESENTADO"}'::jsonb),
  ('ec52d26f-e1c6-4c16-b31a-34c8a482e4a8', 'A4757018', '380090', 'VALIDADO', 'BWT6X19', '64975', '2024-01-04T18:05:00.000Z', '00795732589', 'DEV-0007', '{"numeroAit":"A4757018","codigoOrgaoAutuador":"380090","placa":"BWT6X19","codigoInfracao":"64975","situacao":"AUTUACAO_ABERTA"}'::jsonb),
  ('3aee44eb-494c-462d-8447-b9ea091a931e', 'A3525170', '150070', 'AUTUACAO_ABERTA', 'DYM9D74', '59983', '2025-05-24T04:33:00.000Z', '17505520008', 'DEV-0012', '{"numeroAit":"A3525170","codigoOrgaoAutuador":"150070","placa":"DYM9D74","codigoInfracao":"59983","situacao":"ARQUIVADO"}'::jsonb),
  ('3a9e2baf-5121-42b4-ba46-d36d3b5288b8', 'A2082881', '150070', 'AUTUACAO_ABERTA', 'XFM9E78', '62077', '2025-11-19T03:37:00.000Z', '43371077624', 'DEV-0009', '{"numeroAit":"A2082881","codigoOrgaoAutuador":"150070","placa":"XFM9E78","codigoInfracao":"62077","situacao":"PENALIDADE_IMPOSTA"}'::jsonb),
  ('a864ced1-33ea-4d0c-913b-ecae150cd248', 'A3190859', '380090', 'AUTUACAO_ABERTA', 'UHD7431', '60740', '2025-10-05T21:14:00.000Z', '76464006703', 'DEV-0011', '{"numeroAit":"A3190859","codigoOrgaoAutuador":"380090","placa":"UHD7431","codigoInfracao":"60740","situacao":"PENALIDADE_IMPOSTA"}'::jsonb),
  ('0b5b75ac-7999-4fe9-8f8a-8f33bec32df4', 'A6374446', '204020', 'VALIDADO', 'KPD6900', '77856', '2025-02-14T14:08:00.000Z', '52994528614', 'DEV-0007', '{"numeroAit":"A6374446","codigoOrgaoAutuador":"204020","placa":"KPD6900","codigoInfracao":"77856","situacao":"AUTUACAO_ABERTA"}'::jsonb),
  ('ec8bb30e-2f0c-4c38-8e85-e04a2b167279', 'A3106501', '447010', 'VALIDADO', 'LAW6S49', '77726', '2025-03-15T03:07:00.000Z', '12487668148', 'DEV-0011', '{"numeroAit":"A3106501","codigoOrgaoAutuador":"447010","placa":"LAW6S49","codigoInfracao":"77726","situacao":"AUTUACAO_ABERTA"}'::jsonb),
  ('19d5031b-9f64-4403-b3ed-ea5742bb304e', 'A8069362', '380090', 'AUTUACAO_ABERTA', 'JJT6654', '66322', '2024-09-18T01:13:00.000Z', '37825595840', 'DEV-0013', '{"numeroAit":"A8069362","codigoOrgaoAutuador":"380090","placa":"JJT6654","codigoInfracao":"66322","situacao":"AGUARDANDO_DEFESA_PREVIA"}'::jsonb),
  ('a8662215-cac6-4389-9045-247a04a9dc7f', 'A6487474', '380090', 'AUTUACAO_ABERTA', 'FPN3D53', '75329', '2025-11-12T16:08:00.000Z', '46607107508', 'DEV-0002', '{"numeroAit":"A6487474","codigoOrgaoAutuador":"380090","placa":"FPN3D53","codigoInfracao":"75329","situacao":"RECURSO_JARI_APRESENTADO"}'::jsonb),
  ('e0bf67e5-7501-4cf7-9701-2a77619c3039', 'A1457395', '380090', 'AUTUACAO_ABERTA', 'TWL5433', '58943', '2025-04-21T19:36:00.000Z', '40704016010', 'DEV-0010', '{"numeroAit":"A1457395","codigoOrgaoAutuador":"380090","placa":"TWL5433","codigoInfracao":"58943","situacao":"AGUARDANDO_DEFESA_PREVIA"}'::jsonb),
  ('bdc77e77-d880-4ff7-bb7f-0fafd52fcedf', 'A7040348', '150070', 'VALIDADO', 'KPV8T48', '53818', '2024-04-01T20:07:00.000Z', '12015405267', 'DEV-0005', '{"numeroAit":"A7040348","codigoOrgaoAutuador":"150070","placa":"KPV8T48","codigoInfracao":"53818","situacao":"AUTUACAO_ABERTA"}'::jsonb),
  ('47769847-3585-46f1-b1e7-f9519912ab84', 'A1968392', '999999', 'AUTUACAO_ABERTA', 'RJZ3X49', '54406', '2025-07-11T20:44:00.000Z', '87449518171', 'DEV-0002', '{"numeroAit":"A1968392","codigoOrgaoAutuador":"999999","placa":"RJZ3X49","codigoInfracao":"54406","situacao":"AGUARDANDO_DEFESA_PREVIA"}'::jsonb),
  ('7319e1fd-268a-4757-9aeb-db791937f68a', 'A3157205', '204020', 'AUTUACAO_ABERTA', 'JFY0L60', '55807', '2024-02-17T03:39:00.000Z', '46648710586', 'DEV-0011', '{"numeroAit":"A3157205","codigoOrgaoAutuador":"204020","placa":"JFY0L60","codigoInfracao":"55807","situacao":"AGUARDANDO_DEFESA_PREVIA"}'::jsonb),
  ('6bb5b74d-575d-47b1-8133-5f23660a8bc4', 'A2219755', '204020', 'AUTUACAO_ABERTA', 'GKA4E74', '77147', '2024-09-20T11:40:00.000Z', '08838957223', 'DEV-0009', '{"numeroAit":"A2219755","codigoOrgaoAutuador":"204020","placa":"GKA4E74","codigoInfracao":"77147","situacao":"NOTIFICADO_AUTUACAO"}'::jsonb),
  ('03b8cd37-2e02-4771-9e85-af0216923fd7', 'A1857577', '204020', 'VALIDADO', 'EYA5761', '61480', '2025-09-24T20:46:00.000Z', '51301798703', 'DEV-0002', '{"numeroAit":"A1857577","codigoOrgaoAutuador":"204020","placa":"EYA5761","codigoInfracao":"61480","situacao":"AUTUACAO_ABERTA"}'::jsonb),
  ('f06108d1-436c-4319-8abc-9e2fd9ebefce', 'A6931265', '204020', 'AUTUACAO_ABERTA', 'LFU5B41', '69029', '2024-11-09T03:20:00.000Z', '42157845739', 'DEV-0005', '{"numeroAit":"A6931265","codigoOrgaoAutuador":"204020","placa":"LFU5B41","codigoInfracao":"69029","situacao":"NOTIFICADO_AUTUACAO"}'::jsonb),
  ('79deef2d-d08f-47d4-a12b-d56cba10c384', 'A5824165', '999999', 'AUTUACAO_ABERTA', 'NYM2A18', '69221', '2025-04-26T19:42:00.000Z', '12122927666', 'DEV-0001', '{"numeroAit":"A5824165","codigoOrgaoAutuador":"999999","placa":"NYM2A18","codigoInfracao":"69221","situacao":"PENALIDADE_IMPOSTA"}'::jsonb),
  ('32f1a909-f22b-4253-9088-5737885a1515', 'A7294590', '999999', 'AUTUACAO_ABERTA', 'UVP4187', '51135', '2024-08-05T04:05:00.000Z', '84835883071', 'DEV-0006', '{"numeroAit":"A7294590","codigoOrgaoAutuador":"999999","placa":"UVP4187","codigoInfracao":"51135","situacao":"RECURSO_JARI_APRESENTADO"}'::jsonb),
  ('a4d70352-895f-4955-9b84-134d96969cf2', 'A6151603', '447010', 'AUTUACAO_ABERTA', 'TBT3V40', '72326', '2025-11-04T16:19:00.000Z', '33795161207', 'DEV-0015', '{"numeroAit":"A6151603","codigoOrgaoAutuador":"447010","placa":"TBT3V40","codigoInfracao":"72326","situacao":"ARQUIVADO"}'::jsonb),
  ('18b497d8-189f-4ff4-9811-b6b8b5df858d', 'A3706497', '447010', 'AUTUACAO_ABERTA', 'GKA4E74', '68284', '2025-08-08T16:45:00.000Z', '34215903700', 'DEV-0010', '{"numeroAit":"A3706497","codigoOrgaoAutuador":"447010","placa":"GKA4E74","codigoInfracao":"68284","situacao":"PENALIDADE_IMPOSTA"}'::jsonb),
  ('c927e997-1e72-4bb2-b9f2-42e3edeede9b', 'A6264851', '447010', 'AUTUACAO_ABERTA', 'MSL5Y87', '62021', '2024-02-11T16:23:00.000Z', '22272676316', 'DEV-0008', '{"numeroAit":"A6264851","codigoOrgaoAutuador":"447010","placa":"MSL5Y87","codigoInfracao":"62021","situacao":"NOTIFICADO_AUTUACAO"}'::jsonb),
  ('29224566-6308-4388-9067-62daca50b9ed', 'A2208566', '204020', 'AUTUACAO_ABERTA', 'XKT7S66', '54362', '2025-07-07T18:29:00.000Z', '49915914814', 'DEV-0007', '{"numeroAit":"A2208566","codigoOrgaoAutuador":"204020","placa":"XKT7S66","codigoInfracao":"54362","situacao":"RECURSO_JARI_APRESENTADO"}'::jsonb),
  ('7348eb91-148d-4651-babe-27428192eba1', 'A9737406', '380090', 'AUTUACAO_ABERTA', 'MFN7M27', '63417', '2024-10-02T19:55:00.000Z', '36284234490', 'DEV-0002', '{"numeroAit":"A9737406","codigoOrgaoAutuador":"380090","placa":"MFN7M27","codigoInfracao":"63417","situacao":"RECURSO_JARI_APRESENTADO"}'::jsonb),
  ('e96b3b54-564e-47ac-8272-b25c451d7970', 'A9497148', '447010', 'AUTUACAO_ABERTA', 'NUG6C46', '62001', '2024-02-26T17:50:00.000Z', '68839549960', 'DEV-0001', '{"numeroAit":"A9497148","codigoOrgaoAutuador":"447010","placa":"NUG6C46","codigoInfracao":"62001","situacao":"PENALIDADE_IMPOSTA"}'::jsonb),
  ('f87abfd7-8460-4abc-9700-752913268c57', 'A2668679', '204020', 'AUTUACAO_ABERTA', 'VZX3G85', '64072', '2025-02-13T12:22:00.000Z', '73104352577', 'DEV-0001', '{"numeroAit":"A2668679","codigoOrgaoAutuador":"204020","placa":"VZX3G85","codigoInfracao":"64072","situacao":"RECURSO_JARI_APRESENTADO"}'::jsonb),
  ('747a4aff-ac07-4c0e-95b5-048244dfc0ac', 'A8574091', '447010', 'AUTUACAO_ABERTA', 'TRJ7H41', '63549', '2025-10-20T13:03:00.000Z', '67018796830', 'DEV-0005', '{"numeroAit":"A8574091","codigoOrgaoAutuador":"447010","placa":"TRJ7H41","codigoInfracao":"63549","situacao":"NOTIFICADO_AUTUACAO"}'::jsonb),
  ('d79cb887-fac8-4c31-8fea-43f26d7c0c22', 'A4532953', '150070', 'AUTUACAO_ABERTA', 'ABC1D23', '79358', '2025-10-13T16:33:00.000Z', '36978900184', 'DEV-0008', '{"numeroAit":"A4532953","codigoOrgaoAutuador":"150070","placa":"ABC1D23","codigoInfracao":"79358","situacao":"RECURSO_JARI_APRESENTADO"}'::jsonb);

insert into renainf.processo (id, ait_id, situacao, prazo_defesa, payload) values
  ('6246fadd-d0b2-4ed8-983b-1a370b51713a', '4d265ed6-3ebd-4490-9c38-2e21ca60bdb5', 'NOTIFICADO_AUTUACAO', '2024-10-13T15:42:00.000Z', '{"idProcesso":"6246fadd-d0b2-4ed8-983b-1a370b51713a","numeroAit":"A0001001","situacao":"NOTIFICADO_AUTUACAO"}'::jsonb),
  ('83967c72-6bad-4c8d-a251-0559335e18d9', '941ea3d6-7bc6-4523-bc0b-697d20e17ee5', 'ARQUIVADO', null, '{"idProcesso":"83967c72-6bad-4c8d-a251-0559335e18d9","numeroAit":"A5618333","situacao":"ARQUIVADO"}'::jsonb),
  ('9af8a551-8a9a-4e0e-986b-fb3cea4db7f5', '00bc63f1-42a1-4248-9e9a-ab01d94f944a', 'NOTIFICADO_AUTUACAO', null, '{"idProcesso":"9af8a551-8a9a-4e0e-986b-fb3cea4db7f5","numeroAit":"A5536201","situacao":"NOTIFICADO_AUTUACAO"}'::jsonb),
  ('3246a8d2-d4f7-4e96-bcce-aeecfbf49a16', 'd85c0d92-9977-46ed-b572-e262afcc281a', 'PENALIDADE_IMPOSTA', null, '{"idProcesso":"3246a8d2-d4f7-4e96-bcce-aeecfbf49a16","numeroAit":"A8692502","situacao":"PENALIDADE_IMPOSTA"}'::jsonb),
  ('a5ceb7a7-b8a8-4705-8b50-9cbfee8e981c', '85f57289-9c62-427d-93c2-dc4c63699955', 'NOTIFICADO_AUTUACAO', null, '{"idProcesso":"a5ceb7a7-b8a8-4705-8b50-9cbfee8e981c","numeroAit":"A5173062","situacao":"NOTIFICADO_AUTUACAO"}'::jsonb),
  ('3fb525b0-67c8-4e25-81f4-59d2010e2fb5', '6bcc55f0-1b84-4500-b187-f239f1149433', 'AGUARDANDO_DEFESA_PREVIA', null, '{"idProcesso":"3fb525b0-67c8-4e25-81f4-59d2010e2fb5","numeroAit":"A1890935","situacao":"AGUARDANDO_DEFESA_PREVIA"}'::jsonb),
  ('bb21ba3f-177f-4005-9b91-f254f1b22e44', 'c393de1c-8cc1-42e5-ba8e-cc1672b1d2a2', 'NOTIFICADO_AUTUACAO', null, '{"idProcesso":"bb21ba3f-177f-4005-9b91-f254f1b22e44","numeroAit":"A0603922","situacao":"NOTIFICADO_AUTUACAO"}'::jsonb),
  ('1eec1126-8429-4cc1-9cae-b6c54a13bd75', 'f3a1447e-130d-47ae-ac43-c673efbdd497', 'AUTUACAO_ABERTA', null, '{"idProcesso":"1eec1126-8429-4cc1-9cae-b6c54a13bd75","numeroAit":"A1835735","situacao":"AUTUACAO_ABERTA"}'::jsonb),
  ('223c1771-9223-4890-aa3a-f1a96f9f1723', 'b8e62bbb-ed33-43a2-a0b5-7ec7dd236324', 'RECURSO_JARI_APRESENTADO', null, '{"idProcesso":"223c1771-9223-4890-aa3a-f1a96f9f1723","numeroAit":"A5001427","situacao":"RECURSO_JARI_APRESENTADO"}'::jsonb),
  ('7be953d3-b06d-45e2-bdfd-a4a8a482194d', 'f74af898-f761-4ac3-b410-45a5e99386cc', 'AGUARDANDO_DEFESA_PREVIA', null, '{"idProcesso":"7be953d3-b06d-45e2-bdfd-a4a8a482194d","numeroAit":"A4628433","situacao":"AGUARDANDO_DEFESA_PREVIA"}'::jsonb),
  ('6e6456fa-287e-4d3a-8dc8-734923aa5b92', 'd9d166ee-3d80-46c4-84ca-8fbf3219d792', 'PENALIDADE_IMPOSTA', null, '{"idProcesso":"6e6456fa-287e-4d3a-8dc8-734923aa5b92","numeroAit":"A1661661","situacao":"PENALIDADE_IMPOSTA"}'::jsonb),
  ('d6ee4bc8-5123-421c-81be-163cdb46f4a4', 'c0beefc4-2a65-432b-ae0d-dcfc8ce16a8c', 'AGUARDANDO_DEFESA_PREVIA', null, '{"idProcesso":"d6ee4bc8-5123-421c-81be-163cdb46f4a4","numeroAit":"A2542630","situacao":"AGUARDANDO_DEFESA_PREVIA"}'::jsonb),
  ('fd47535d-fccd-4c4b-9a00-3a7032881c9f', '6d222207-ca57-425f-99ce-295d163473a0', 'AGUARDANDO_DEFESA_PREVIA', null, '{"idProcesso":"fd47535d-fccd-4c4b-9a00-3a7032881c9f","numeroAit":"A8112711","situacao":"AGUARDANDO_DEFESA_PREVIA"}'::jsonb),
  ('9b4c97d6-5508-4893-a870-b4d827b34030', 'afaf4767-658b-48ff-a612-09226bcfd54e', 'PENALIDADE_IMPOSTA', null, '{"idProcesso":"9b4c97d6-5508-4893-a870-b4d827b34030","numeroAit":"A4235998","situacao":"PENALIDADE_IMPOSTA"}'::jsonb),
  ('429d7326-ff78-4f30-9953-47d8c79bb7e8', '6ef0be28-66ba-4698-8fad-d164a50dffe4', 'AUTUACAO_ABERTA', null, '{"idProcesso":"429d7326-ff78-4f30-9953-47d8c79bb7e8","numeroAit":"A0524392","situacao":"AUTUACAO_ABERTA"}'::jsonb),
  ('74b250d1-5215-4b6a-a4f3-4a85837d72b4', 'fd3f4e8a-df0f-4627-bfab-e7bc014b0c82', 'NOTIFICADO_AUTUACAO', null, '{"idProcesso":"74b250d1-5215-4b6a-a4f3-4a85837d72b4","numeroAit":"A0068684","situacao":"NOTIFICADO_AUTUACAO"}'::jsonb),
  ('e04835db-1fdb-4d80-8aea-35553ca0901f', 'ac20ef9e-6c2e-4af1-945e-96395dae5d94', 'AGUARDANDO_DEFESA_PREVIA', null, '{"idProcesso":"e04835db-1fdb-4d80-8aea-35553ca0901f","numeroAit":"A8829618","situacao":"AGUARDANDO_DEFESA_PREVIA"}'::jsonb),
  ('dacad0fb-fd84-4804-8947-7fadccbf08c2', '993381a9-985d-4548-aefa-15ba847b407c', 'ARQUIVADO', null, '{"idProcesso":"dacad0fb-fd84-4804-8947-7fadccbf08c2","numeroAit":"A9880849","situacao":"ARQUIVADO"}'::jsonb),
  ('3f9e5c3b-5f11-407a-9b02-7c8907771650', 'f74e8833-859c-45d5-9e7f-0322ef556bc4', 'PENALIDADE_IMPOSTA', null, '{"idProcesso":"3f9e5c3b-5f11-407a-9b02-7c8907771650","numeroAit":"A2509129","situacao":"PENALIDADE_IMPOSTA"}'::jsonb),
  ('a8a51e80-cd69-479b-a84e-c904a140d102', '696cf54a-cc05-4986-86b6-bfcbc0b539bc', 'ARQUIVADO', null, '{"idProcesso":"a8a51e80-cd69-479b-a84e-c904a140d102","numeroAit":"A6788377","situacao":"ARQUIVADO"}'::jsonb),
  ('7fda52cd-263e-4a3e-8bbc-e97c71f53946', '1ece4678-a3e2-4c5d-997e-fb073cd0d821', 'PENALIDADE_IMPOSTA', null, '{"idProcesso":"7fda52cd-263e-4a3e-8bbc-e97c71f53946","numeroAit":"A5271769","situacao":"PENALIDADE_IMPOSTA"}'::jsonb),
  ('71b125e7-cd03-4665-beb3-6ea6db0a27f2', 'bffd6446-4683-462f-a371-8e9b88535dec', 'AUTUACAO_ABERTA', null, '{"idProcesso":"71b125e7-cd03-4665-beb3-6ea6db0a27f2","numeroAit":"A1776670","situacao":"AUTUACAO_ABERTA"}'::jsonb),
  ('f2e0512f-244c-4fe1-98ce-acf1f2a1ae98', 'e3c4f82f-aed6-4640-8e47-cf4bf6ceb46b', 'PENALIDADE_IMPOSTA', null, '{"idProcesso":"f2e0512f-244c-4fe1-98ce-acf1f2a1ae98","numeroAit":"A1646664","situacao":"PENALIDADE_IMPOSTA"}'::jsonb),
  ('41737176-03e7-487f-8ba6-a247feb56503', '67828946-9c43-4a1a-8dec-5bae8b49b8dd', 'NOTIFICADO_AUTUACAO', null, '{"idProcesso":"41737176-03e7-487f-8ba6-a247feb56503","numeroAit":"A8886437","situacao":"NOTIFICADO_AUTUACAO"}'::jsonb),
  ('c8107fb1-ea64-40d2-a846-5b835bc0d295', '2f762a36-bf70-4ddf-a882-1c060bc76505', 'NOTIFICADO_AUTUACAO', null, '{"idProcesso":"c8107fb1-ea64-40d2-a846-5b835bc0d295","numeroAit":"A5580209","situacao":"NOTIFICADO_AUTUACAO"}'::jsonb),
  ('2ad21532-c379-410d-89ab-5950048d73f3', 'fe2ab770-0029-42c5-b471-33747607151d', 'ARQUIVADO', null, '{"idProcesso":"2ad21532-c379-410d-89ab-5950048d73f3","numeroAit":"A3832706","situacao":"ARQUIVADO"}'::jsonb),
  ('b8cd87d4-c92b-42f6-8667-4eed68d8c278', 'b6b186ca-bc61-480a-956f-3675ac5b95e9', 'AUTUACAO_ABERTA', null, '{"idProcesso":"b8cd87d4-c92b-42f6-8667-4eed68d8c278","numeroAit":"A4050298","situacao":"AUTUACAO_ABERTA"}'::jsonb),
  ('0e9cc24d-4065-47da-b8ee-516e7ab5bdae', '46d0d05f-331f-47be-bba8-d41559f07790', 'NOTIFICADO_AUTUACAO', null, '{"idProcesso":"0e9cc24d-4065-47da-b8ee-516e7ab5bdae","numeroAit":"A7117188","situacao":"NOTIFICADO_AUTUACAO"}'::jsonb),
  ('d2059d05-6d43-4eac-a355-a845f4b0107e', '136a3127-5efe-47a3-8235-40e15fcce2f0', 'PENALIDADE_IMPOSTA', null, '{"idProcesso":"d2059d05-6d43-4eac-a355-a845f4b0107e","numeroAit":"A6693033","situacao":"PENALIDADE_IMPOSTA"}'::jsonb),
  ('5995fefb-a8ec-4c12-b0ff-d5abad5c06fd', '62641eed-4eb1-442d-9af3-101bee6c7ab4', 'NOTIFICADO_AUTUACAO', null, '{"idProcesso":"5995fefb-a8ec-4c12-b0ff-d5abad5c06fd","numeroAit":"A2670265","situacao":"NOTIFICADO_AUTUACAO"}'::jsonb),
  ('6375fdd8-2cc1-4fab-adca-157525c7a255', 'e199ef48-404d-40b0-862d-9dc26808cef5', 'PENALIDADE_IMPOSTA', null, '{"idProcesso":"6375fdd8-2cc1-4fab-adca-157525c7a255","numeroAit":"A7272183","situacao":"PENALIDADE_IMPOSTA"}'::jsonb),
  ('82c8f68d-0e17-4ed2-b9a4-84ec0745cbc8', 'fd1a68ac-394e-45a7-91e2-e98b0224e1a8', 'RECURSO_JARI_APRESENTADO', null, '{"idProcesso":"82c8f68d-0e17-4ed2-b9a4-84ec0745cbc8","numeroAit":"A5499201","situacao":"RECURSO_JARI_APRESENTADO"}'::jsonb),
  ('e4bb9dec-b1f8-4c3c-9c5d-26e9fd068550', 'aeaa7c42-e87b-4de2-b66f-897da45fe1b1', 'PENALIDADE_IMPOSTA', null, '{"idProcesso":"e4bb9dec-b1f8-4c3c-9c5d-26e9fd068550","numeroAit":"A6449240","situacao":"PENALIDADE_IMPOSTA"}'::jsonb),
  ('b21ddfe1-2247-4bc8-81c7-87bf03a4dec7', '6b41fb4d-5901-4426-89fb-87306d56ec3a', 'RECURSO_JARI_APRESENTADO', null, '{"idProcesso":"b21ddfe1-2247-4bc8-81c7-87bf03a4dec7","numeroAit":"A7420488","situacao":"RECURSO_JARI_APRESENTADO"}'::jsonb),
  ('b30b5354-b5e1-4ee4-b623-5b826a6007af', '95bbad98-bc3c-4b24-afc8-77043294793a', 'RECURSO_JARI_APRESENTADO', null, '{"idProcesso":"b30b5354-b5e1-4ee4-b623-5b826a6007af","numeroAit":"A7827902","situacao":"RECURSO_JARI_APRESENTADO"}'::jsonb),
  ('060b84fa-5b08-4d85-9872-8cd4ed78b055', 'ec52d26f-e1c6-4c16-b31a-34c8a482e4a8', 'AUTUACAO_ABERTA', null, '{"idProcesso":"060b84fa-5b08-4d85-9872-8cd4ed78b055","numeroAit":"A4757018","situacao":"AUTUACAO_ABERTA"}'::jsonb),
  ('0d4b10d5-c017-45b7-9488-62d95834f5ab', '3aee44eb-494c-462d-8447-b9ea091a931e', 'ARQUIVADO', null, '{"idProcesso":"0d4b10d5-c017-45b7-9488-62d95834f5ab","numeroAit":"A3525170","situacao":"ARQUIVADO"}'::jsonb),
  ('ffb02fd1-bdfe-426e-a69b-9d12e9850d41', '3a9e2baf-5121-42b4-ba46-d36d3b5288b8', 'PENALIDADE_IMPOSTA', null, '{"idProcesso":"ffb02fd1-bdfe-426e-a69b-9d12e9850d41","numeroAit":"A2082881","situacao":"PENALIDADE_IMPOSTA"}'::jsonb),
  ('1a065b29-098e-4f2a-929e-c35c354a3b76', 'a864ced1-33ea-4d0c-913b-ecae150cd248', 'PENALIDADE_IMPOSTA', null, '{"idProcesso":"1a065b29-098e-4f2a-929e-c35c354a3b76","numeroAit":"A3190859","situacao":"PENALIDADE_IMPOSTA"}'::jsonb),
  ('6134d309-6044-4a11-a50a-6af075794ad0', '0b5b75ac-7999-4fe9-8f8a-8f33bec32df4', 'AUTUACAO_ABERTA', null, '{"idProcesso":"6134d309-6044-4a11-a50a-6af075794ad0","numeroAit":"A6374446","situacao":"AUTUACAO_ABERTA"}'::jsonb),
  ('96321141-4a4a-4b97-9dff-da794235633d', 'ec8bb30e-2f0c-4c38-8e85-e04a2b167279', 'AUTUACAO_ABERTA', null, '{"idProcesso":"96321141-4a4a-4b97-9dff-da794235633d","numeroAit":"A3106501","situacao":"AUTUACAO_ABERTA"}'::jsonb),
  ('dbb88795-58c2-4e25-a733-fbce871de130', '19d5031b-9f64-4403-b3ed-ea5742bb304e', 'AGUARDANDO_DEFESA_PREVIA', null, '{"idProcesso":"dbb88795-58c2-4e25-a733-fbce871de130","numeroAit":"A8069362","situacao":"AGUARDANDO_DEFESA_PREVIA"}'::jsonb),
  ('6120c7f5-10b0-452b-8b57-4ddff3654cde', 'a8662215-cac6-4389-9045-247a04a9dc7f', 'RECURSO_JARI_APRESENTADO', null, '{"idProcesso":"6120c7f5-10b0-452b-8b57-4ddff3654cde","numeroAit":"A6487474","situacao":"RECURSO_JARI_APRESENTADO"}'::jsonb),
  ('cf500298-6879-4030-b88c-9d89b7a2238d', 'e0bf67e5-7501-4cf7-9701-2a77619c3039', 'AGUARDANDO_DEFESA_PREVIA', null, '{"idProcesso":"cf500298-6879-4030-b88c-9d89b7a2238d","numeroAit":"A1457395","situacao":"AGUARDANDO_DEFESA_PREVIA"}'::jsonb),
  ('10f83420-4f6d-4f1f-9b60-b4c5b4f662b6', 'bdc77e77-d880-4ff7-bb7f-0fafd52fcedf', 'AUTUACAO_ABERTA', null, '{"idProcesso":"10f83420-4f6d-4f1f-9b60-b4c5b4f662b6","numeroAit":"A7040348","situacao":"AUTUACAO_ABERTA"}'::jsonb),
  ('44a0800c-375e-439e-ad6a-d9a2f0dd8398', '47769847-3585-46f1-b1e7-f9519912ab84', 'AGUARDANDO_DEFESA_PREVIA', null, '{"idProcesso":"44a0800c-375e-439e-ad6a-d9a2f0dd8398","numeroAit":"A1968392","situacao":"AGUARDANDO_DEFESA_PREVIA"}'::jsonb),
  ('b9f993e1-7dd5-44c9-ad75-0d32bd4d6a69', '7319e1fd-268a-4757-9aeb-db791937f68a', 'AGUARDANDO_DEFESA_PREVIA', null, '{"idProcesso":"b9f993e1-7dd5-44c9-ad75-0d32bd4d6a69","numeroAit":"A3157205","situacao":"AGUARDANDO_DEFESA_PREVIA"}'::jsonb),
  ('6edb0bd6-bae8-4a4e-b9d3-c6bb7479b3e5', '6bb5b74d-575d-47b1-8133-5f23660a8bc4', 'NOTIFICADO_AUTUACAO', null, '{"idProcesso":"6edb0bd6-bae8-4a4e-b9d3-c6bb7479b3e5","numeroAit":"A2219755","situacao":"NOTIFICADO_AUTUACAO"}'::jsonb),
  ('616efa32-c696-47c1-88af-64331c2b65ee', '03b8cd37-2e02-4771-9e85-af0216923fd7', 'AUTUACAO_ABERTA', null, '{"idProcesso":"616efa32-c696-47c1-88af-64331c2b65ee","numeroAit":"A1857577","situacao":"AUTUACAO_ABERTA"}'::jsonb),
  ('c1d7fb30-803b-4964-88cf-841e79b1f08a', 'f06108d1-436c-4319-8abc-9e2fd9ebefce', 'NOTIFICADO_AUTUACAO', null, '{"idProcesso":"c1d7fb30-803b-4964-88cf-841e79b1f08a","numeroAit":"A6931265","situacao":"NOTIFICADO_AUTUACAO"}'::jsonb),
  ('23416f22-95ab-4983-8590-676a27e71c88', '79deef2d-d08f-47d4-a12b-d56cba10c384', 'PENALIDADE_IMPOSTA', null, '{"idProcesso":"23416f22-95ab-4983-8590-676a27e71c88","numeroAit":"A5824165","situacao":"PENALIDADE_IMPOSTA"}'::jsonb),
  ('fad756ff-efb9-4db4-861f-76b82edb4280', '32f1a909-f22b-4253-9088-5737885a1515', 'RECURSO_JARI_APRESENTADO', null, '{"idProcesso":"fad756ff-efb9-4db4-861f-76b82edb4280","numeroAit":"A7294590","situacao":"RECURSO_JARI_APRESENTADO"}'::jsonb),
  ('8c0543b9-77b8-44ad-b6b4-9fc407f97685', 'a4d70352-895f-4955-9b84-134d96969cf2', 'ARQUIVADO', null, '{"idProcesso":"8c0543b9-77b8-44ad-b6b4-9fc407f97685","numeroAit":"A6151603","situacao":"ARQUIVADO"}'::jsonb),
  ('983c5ded-eda8-4874-87ad-eccd9090acd1', '18b497d8-189f-4ff4-9811-b6b8b5df858d', 'PENALIDADE_IMPOSTA', null, '{"idProcesso":"983c5ded-eda8-4874-87ad-eccd9090acd1","numeroAit":"A3706497","situacao":"PENALIDADE_IMPOSTA"}'::jsonb),
  ('6b45d49c-2a3c-4af2-82a5-8bb2053ed330', 'c927e997-1e72-4bb2-b9f2-42e3edeede9b', 'NOTIFICADO_AUTUACAO', null, '{"idProcesso":"6b45d49c-2a3c-4af2-82a5-8bb2053ed330","numeroAit":"A6264851","situacao":"NOTIFICADO_AUTUACAO"}'::jsonb),
  ('fc3b5828-6550-4ba5-98a4-7f70d6e2bd3f', '29224566-6308-4388-9067-62daca50b9ed', 'RECURSO_JARI_APRESENTADO', null, '{"idProcesso":"fc3b5828-6550-4ba5-98a4-7f70d6e2bd3f","numeroAit":"A2208566","situacao":"RECURSO_JARI_APRESENTADO"}'::jsonb),
  ('f278927c-3381-4151-9a79-b8afd23a8f5a', '7348eb91-148d-4651-babe-27428192eba1', 'RECURSO_JARI_APRESENTADO', null, '{"idProcesso":"f278927c-3381-4151-9a79-b8afd23a8f5a","numeroAit":"A9737406","situacao":"RECURSO_JARI_APRESENTADO"}'::jsonb),
  ('70a07f7a-fb65-4cf9-bc43-16213a061889', 'e96b3b54-564e-47ac-8272-b25c451d7970', 'PENALIDADE_IMPOSTA', null, '{"idProcesso":"70a07f7a-fb65-4cf9-bc43-16213a061889","numeroAit":"A9497148","situacao":"PENALIDADE_IMPOSTA"}'::jsonb),
  ('8e8e6ce6-27d5-42d9-96d3-5ca2a077fded', 'f87abfd7-8460-4abc-9700-752913268c57', 'RECURSO_JARI_APRESENTADO', null, '{"idProcesso":"8e8e6ce6-27d5-42d9-96d3-5ca2a077fded","numeroAit":"A2668679","situacao":"RECURSO_JARI_APRESENTADO"}'::jsonb),
  ('630d6301-1f83-4582-a4c7-6e8490e09f4a', '747a4aff-ac07-4c0e-95b5-048244dfc0ac', 'NOTIFICADO_AUTUACAO', null, '{"idProcesso":"630d6301-1f83-4582-a4c7-6e8490e09f4a","numeroAit":"A8574091","situacao":"NOTIFICADO_AUTUACAO"}'::jsonb),
  ('698dac62-c0b3-416f-ba53-d337cb810521', 'd79cb887-fac8-4c31-8fea-43f26d7c0c22', 'RECURSO_JARI_APRESENTADO', null, '{"idProcesso":"698dac62-c0b3-416f-ba53-d337cb810521","numeroAit":"A4532953","situacao":"RECURSO_JARI_APRESENTADO"}'::jsonb);

insert into renainf.debito (processo_id, valor, situacao_pagamento, data_vencimento, payload) values
  ('83967c72-6bad-4c8d-a251-0559335e18d9', 1585.00, 'QUITADO', '2025-04-03', '{"idProcesso":"83967c72-6bad-4c8d-a251-0559335e18d9","valor":195.23,"situacaoPagamento":"EM_ABERTO"}'::jsonb),
  ('3246a8d2-d4f7-4e96-bcce-aeecfbf49a16', 1817.00, 'EM_ABERTO', '2026-12-16', '{"idProcesso":"3246a8d2-d4f7-4e96-bcce-aeecfbf49a16","valor":195.23,"situacaoPagamento":"EM_ABERTO"}'::jsonb),
  ('223c1771-9223-4890-aa3a-f1a96f9f1723', 555.00, 'EM_ABERTO', '2026-04-27', '{"idProcesso":"223c1771-9223-4890-aa3a-f1a96f9f1723","valor":195.23,"situacaoPagamento":"EM_ABERTO"}'::jsonb),
  ('6e6456fa-287e-4d3a-8dc8-734923aa5b92', 697.00, 'QUITADO', '2025-03-14', '{"idProcesso":"6e6456fa-287e-4d3a-8dc8-734923aa5b92","valor":195.23,"situacaoPagamento":"EM_ABERTO"}'::jsonb),
  ('9b4c97d6-5508-4893-a870-b4d827b34030', 655.00, 'EM_ABERTO', '2026-12-23', '{"idProcesso":"9b4c97d6-5508-4893-a870-b4d827b34030","valor":195.23,"situacaoPagamento":"EM_ABERTO"}'::jsonb),
  ('dacad0fb-fd84-4804-8947-7fadccbf08c2', 1827.00, 'QUITADO', '2026-07-16', '{"idProcesso":"dacad0fb-fd84-4804-8947-7fadccbf08c2","valor":195.23,"situacaoPagamento":"EM_ABERTO"}'::jsonb),
  ('3f9e5c3b-5f11-407a-9b02-7c8907771650', 1275.00, 'EM_ABERTO', '2025-11-26', '{"idProcesso":"3f9e5c3b-5f11-407a-9b02-7c8907771650","valor":195.23,"situacaoPagamento":"EM_ABERTO"}'::jsonb),
  ('a8a51e80-cd69-479b-a84e-c904a140d102', 164.00, 'QUITADO', '2025-06-06', '{"idProcesso":"a8a51e80-cd69-479b-a84e-c904a140d102","valor":195.23,"situacaoPagamento":"EM_ABERTO"}'::jsonb),
  ('7fda52cd-263e-4a3e-8bbc-e97c71f53946', 478.00, 'EM_ABERTO', '2025-07-24', '{"idProcesso":"7fda52cd-263e-4a3e-8bbc-e97c71f53946","valor":195.23,"situacaoPagamento":"EM_ABERTO"}'::jsonb),
  ('f2e0512f-244c-4fe1-98ce-acf1f2a1ae98', 1138.00, 'QUITADO', '2026-10-11', '{"idProcesso":"f2e0512f-244c-4fe1-98ce-acf1f2a1ae98","valor":195.23,"situacaoPagamento":"EM_ABERTO"}'::jsonb),
  ('2ad21532-c379-410d-89ab-5950048d73f3', 1280.00, 'EM_ABERTO', '2025-06-13', '{"idProcesso":"2ad21532-c379-410d-89ab-5950048d73f3","valor":195.23,"situacaoPagamento":"EM_ABERTO"}'::jsonb),
  ('d2059d05-6d43-4eac-a355-a845f4b0107e', 1592.00, 'QUITADO', '2026-04-18', '{"idProcesso":"d2059d05-6d43-4eac-a355-a845f4b0107e","valor":195.23,"situacaoPagamento":"EM_ABERTO"}'::jsonb),
  ('6375fdd8-2cc1-4fab-adca-157525c7a255', 1146.00, 'EM_ABERTO', '2025-05-07', '{"idProcesso":"6375fdd8-2cc1-4fab-adca-157525c7a255","valor":195.23,"situacaoPagamento":"EM_ABERTO"}'::jsonb),
  ('82c8f68d-0e17-4ed2-b9a4-84ec0745cbc8', 715.00, 'QUITADO', '2026-08-16', '{"idProcesso":"82c8f68d-0e17-4ed2-b9a4-84ec0745cbc8","valor":195.23,"situacaoPagamento":"EM_ABERTO"}'::jsonb),
  ('e4bb9dec-b1f8-4c3c-9c5d-26e9fd068550', 792.00, 'QUITADO', '2025-03-26', '{"idProcesso":"e4bb9dec-b1f8-4c3c-9c5d-26e9fd068550","valor":195.23,"situacaoPagamento":"EM_ABERTO"}'::jsonb),
  ('b21ddfe1-2247-4bc8-81c7-87bf03a4dec7', 1029.00, 'EM_ABERTO', '2025-12-03', '{"idProcesso":"b21ddfe1-2247-4bc8-81c7-87bf03a4dec7","valor":195.23,"situacaoPagamento":"EM_ABERTO"}'::jsonb),
  ('b30b5354-b5e1-4ee4-b623-5b826a6007af', 1186.00, 'EM_ABERTO', '2025-11-15', '{"idProcesso":"b30b5354-b5e1-4ee4-b623-5b826a6007af","valor":195.23,"situacaoPagamento":"EM_ABERTO"}'::jsonb),
  ('0d4b10d5-c017-45b7-9488-62d95834f5ab', 613.00, 'QUITADO', '2025-09-18', '{"idProcesso":"0d4b10d5-c017-45b7-9488-62d95834f5ab","valor":195.23,"situacaoPagamento":"EM_ABERTO"}'::jsonb),
  ('ffb02fd1-bdfe-426e-a69b-9d12e9850d41', 1478.00, 'QUITADO', '2025-12-07', '{"idProcesso":"ffb02fd1-bdfe-426e-a69b-9d12e9850d41","valor":195.23,"situacaoPagamento":"EM_ABERTO"}'::jsonb),
  ('1a065b29-098e-4f2a-929e-c35c354a3b76', 1432.00, 'EM_ABERTO', '2026-01-23', '{"idProcesso":"1a065b29-098e-4f2a-929e-c35c354a3b76","valor":195.23,"situacaoPagamento":"EM_ABERTO"}'::jsonb),
  ('6120c7f5-10b0-452b-8b57-4ddff3654cde', 797.00, 'QUITADO', '2026-11-04', '{"idProcesso":"6120c7f5-10b0-452b-8b57-4ddff3654cde","valor":195.23,"situacaoPagamento":"EM_ABERTO"}'::jsonb),
  ('23416f22-95ab-4983-8590-676a27e71c88', 1215.00, 'QUITADO', '2026-06-10', '{"idProcesso":"23416f22-95ab-4983-8590-676a27e71c88","valor":195.23,"situacaoPagamento":"EM_ABERTO"}'::jsonb),
  ('fad756ff-efb9-4db4-861f-76b82edb4280', 597.00, 'QUITADO', '2025-09-14', '{"idProcesso":"fad756ff-efb9-4db4-861f-76b82edb4280","valor":195.23,"situacaoPagamento":"EM_ABERTO"}'::jsonb),
  ('8c0543b9-77b8-44ad-b6b4-9fc407f97685', 935.00, 'EM_ABERTO', '2026-10-12', '{"idProcesso":"8c0543b9-77b8-44ad-b6b4-9fc407f97685","valor":195.23,"situacaoPagamento":"EM_ABERTO"}'::jsonb),
  ('983c5ded-eda8-4874-87ad-eccd9090acd1', 1488.00, 'QUITADO', '2026-03-25', '{"idProcesso":"983c5ded-eda8-4874-87ad-eccd9090acd1","valor":195.23,"situacaoPagamento":"EM_ABERTO"}'::jsonb),
  ('fc3b5828-6550-4ba5-98a4-7f70d6e2bd3f', 473.00, 'QUITADO', '2025-09-26', '{"idProcesso":"fc3b5828-6550-4ba5-98a4-7f70d6e2bd3f","valor":195.23,"situacaoPagamento":"EM_ABERTO"}'::jsonb),
  ('f278927c-3381-4151-9a79-b8afd23a8f5a', 512.00, 'QUITADO', '2026-10-24', '{"idProcesso":"f278927c-3381-4151-9a79-b8afd23a8f5a","valor":195.23,"situacaoPagamento":"EM_ABERTO"}'::jsonb),
  ('70a07f7a-fb65-4cf9-bc43-16213a061889', 297.00, 'QUITADO', '2025-02-28', '{"idProcesso":"70a07f7a-fb65-4cf9-bc43-16213a061889","valor":195.23,"situacaoPagamento":"EM_ABERTO"}'::jsonb),
  ('8e8e6ce6-27d5-42d9-96d3-5ca2a077fded', 1340.00, 'QUITADO', '2026-12-26', '{"idProcesso":"8e8e6ce6-27d5-42d9-96d3-5ca2a077fded","valor":195.23,"situacaoPagamento":"EM_ABERTO"}'::jsonb),
  ('698dac62-c0b3-416f-ba53-d337cb810521', 1413.00, 'EM_ABERTO', '2025-08-28', '{"idProcesso":"698dac62-c0b3-416f-ba53-d337cb810521","valor":195.23,"situacaoPagamento":"EM_ABERTO"}'::jsonb);

